date_ymd,actual,predict,proba_down,proba_up,top5_factors
2023-12-07,하락/보합,상승,0.4788667,0.5211333,"↑ S&P500-KOSPI200 스프레드: 값=0.0103, SHAP=+0.0403 | ↑ 달러 인덱스: 값=120.6000, SHAP=+0.0326 | ↑ 원/달러 환율 변화율 3일전: 값=-0.0008, SHAP=+0.0316 | ↓ S&P500-KOSPI200 스프레드 2일전: 값=0.0092, SHAP=-0.0271 | ↑ 코스피 200 지수: 값=332.6700, SHAP=+0.0251"
2023-12-08,하락/보합,상승,0.415056,0.584944,"↑ 국제 금 선물 가격 변화율: 값=-0.0156, SHAP=+0.1514 | ↓ 원/달러 환율 변화율: 값=-0.0137, SHAP=-0.0391 | ↑ 달러 인덱스: 값=120.7600, SHAP=+0.0351 | ↑ S&P 500 지수: 값=4604.3700, SHAP=+0.0330 | ↑ 국제 금 선물 가격 변화율 2일전: 값=0.0059, SHAP=+0.0301"
2023-12-11,하락/보합,상승,0.47866917,0.52133083,"↑ 국제 금 선물 가격 변화율: 값=-0.0102, SHAP=+0.1181 | ↑ S&P500-KOSPI200 스프레드: 값=-0.0000, SHAP=+0.0609 | ↑ 달러 인덱스: 값=120.9300, SHAP=+0.0416 | ↑ S&P 500 지수: 값=4622.4400, SHAP=+0.0357 | ↓ 코스피 200 지수 변화율 2일전: 값=-0.0023, SHAP=-0.0329"
2023-12-12,상승,하락/보합,0.5336704,0.46632954,"↓ 원/달러 환율 변화율 3일전: 값=0.0093, SHAP=-0.1871 | ↓ 국제 금 선물 가격 변화율 2일전: 값=-0.0156, SHAP=-0.0630 | ↑ S&P500-KOSPI200 스프레드: 값=-0.0008, SHAP=+0.0615 | ↑ S&P 500 지수 변화율 3일전: 값=0.0080, SHAP=+0.0412 | ↑ 코스피 200 지수: 값=339.7700, SHAP=+0.0350"
2023-12-19,하락/보합,상승,0.4812652,0.5187348,"↓ 금값-달러인덱스 상호작용 3일전: 값=-0.0003, SHAP=-0.0682 | ↑ S&P500-KOSPI200 스프레드: 값=0.0046, SHAP=+0.0561 | ↓ 국제 금 선물 가격 변화율 2일전: 값=-0.0045, SHAP=-0.0342 | ↑ 원/달러 환율 변화율 3일전: 값=-0.0179, SHAP=+0.0333 | ↑ S&P 500 지수: 값=4768.3700, SHAP=+0.0321"
2023-12-20,상승,하락/보합,0.5696535,0.43034652,"↓ S&P500-KOSPI200 스프레드: 값=-0.0326, SHAP=-0.1333 | ↓ 원/달러 환율 변화율: 값=-0.0067, SHAP=-0.0504 | ↑ 국제 금 선물 가격 변화율 2일전: 값=0.0026, SHAP=+0.0440 | ↑ 금값 변화율 EMA(5일) 1일전: 값=0.0038, SHAP=+0.0422 | ↓ 금값-달러인덱스 상호작용 2일전: 값=0.0000, SHAP=-0.0407"
2023-12-21,상승,하락/보합,0.5131554,0.4868446,"↓ 국제 금 선물 가격 변화율: 값=0.0023, SHAP=-0.0360 | ↑ S&P500-KOSPI200 스프레드: 값=0.0141, SHAP=+0.0336 | ↑ S&P 500 지수 변화율: 값=0.0103, SHAP=+0.0323 | ↑ 코스피 200 지수: 값=348.7800, SHAP=+0.0285 | ↑ S&P 500 지수: 값=4746.7500, SHAP=+0.0284"
2023-12-22,상승,하락/보합,0.51010454,0.4898955,"↓ 원/달러 환율 변화율 3일전: 값=0.0080, SHAP=-0.1708 | ↑ S&P500-KOSPI200 스프레드: 값=0.0006, SHAP=+0.0461 | ↓ 국제 금 선물 가격 변화율: 값=0.0088, SHAP=-0.0356 | ↓ 금값 변화율 SMA(20일이동평균): 값=0.0014, SHAP=-0.0288 | ↑ S&P 500 지수: 값=4754.6300, SHAP=+0.0274"
2024-01-04,상승,하락/보합,0.5044172,0.49558285,"↑ S&P500-KOSPI200 스프레드: 값=0.0055, SHAP=+0.0605 | ↓ 금값-달러인덱스 상호작용 2일전: 값=0.0000, SHAP=-0.0578 | ↓ 국제 금 선물 가격 변화율: 값=0.0040, SHAP=-0.0400 | ↑ 코스피 200 지수: 값=348.0700, SHAP=+0.0297 | ↓ WTI 서부텍사스유 가격: 값=72.3800, SHAP=-0.0267"
2024-01-08,하락/보합,상승,0.49613196,0.50386804,"↑ S&P500-KOSPI200 스프레드: 값=0.0188, SHAP=+0.0533 | ↑ S&P 500 지수 변화율: 값=0.0141, SHAP=+0.0514 | ↓ WTI 서부텍사스유 가격 변화율: 값=-0.0397, SHAP=-0.0482 | ↑ 코스피 200 지수 변화율 2일전: 값=-0.0089, SHAP=+0.0328 | ↓ WTI 서부텍사스유 가격 변화율 1일전: 값=0.0224, SHAP=-0.0291"
2024-01-09,하락/보합,상승,0.49719357,0.5028064,"↑ S&P500-KOSPI200 스프레드: 값=0.0036, SHAP=+0.0413 | ↑ 달러 인덱스: 값=119.6700, SHAP=+0.0339 | ↓ 코스피 200 지수 변화율 2일전: 값=-0.0024, SHAP=-0.0328 | ↓ 국제 금 선물 가격: 값=2026.4000, SHAP=-0.0282 | ↑ 달러 인덱스 변화율: 값=0.0035, SHAP=+0.0258"
2024-01-11,상승,하락/보합,0.50447357,0.4955264,"↑ S&P500-KOSPI200 스프레드: 값=0.0004, SHAP=+0.0508 | ↓ 원/달러 환율 변화율: 값=-0.0056, SHAP=-0.0358 | ↓ 금값 변화율 EMA(5일) 1일전: 값=-0.0023, SHAP=-0.0311 | ↑ S&P 500 지수: 값=4780.2400, SHAP=+0.0271 | ↑ 국제 금 선물 가격 변화율 2일전: 값=-0.0001, SHAP=+0.0266"
2024-01-16,하락/보합,상승,0.46100718,0.5389928,"↑ 국제 금 선물 가격 변화율: 값=-0.0101, SHAP=+0.1299 | ↑ S&P500-KOSPI200 스프레드: 값=0.0066, SHAP=+0.0586 | ↑ 금값 MACD 시그널 2일전: 값=-0.0008, SHAP=+0.0481 | ↓ 국제 금 선물 가격 변화율 2일전: 값=-0.0037, SHAP=-0.0421 | ↓ 코스피 200 지수 변화율 2일전: 값=-0.0011, SHAP=-0.0356"
2024-01-23,하락/보합,상승,0.47639102,0.523609,"↓ 원/달러 환율 변화율: 값=-0.0034, SHAP=-0.0379 | ↓ 국제 금 선물 가격 변화율: 값=0.0019, SHAP=-0.0352 | ↑ 원/달러 환율 변화율 3일전: 값=-0.0041, SHAP=+0.0338 | ↓ WTI 서부텍사스유 가격 변화율 1일전: 값=0.0213, SHAP=-0.0333 | ↓ WTI 서부텍사스유 가격: 값=74.7200, SHAP=-0.0319"
2024-01-25,하락/보합,상승,0.49733984,0.50266016,"↑ S&P500-KOSPI200 스프레드: 값=0.0037, SHAP=+0.0579 | ↓ 금값-달러인덱스 상호작용 2일전: 값=0.0000, SHAP=-0.0529 | ↓ 국제 금 선물 가격 변화율: 값=0.0015, SHAP=-0.0341 | ↓ WTI 서부텍사스유 가격: 값=77.9100, SHAP=-0.0335 | ↑ S&P 500 지수: 값=4894.1600, SHAP=+0.0297"
2024-01-26,상승,하락/보합,0.5478247,0.45217532,"↓ 금값-달러인덱스 상호작용 2일전: 값=0.0000, SHAP=-0.0496 | ↓ 국제 금 선물 가격 변화율 2일전: 값=-0.0048, SHAP=-0.0493 | ↓ WTI 서부텍사스유 가격 변화율 1일전: 값=0.0322, SHAP=-0.0446 | ↓ WTI 서부텍사스유 가격: 값=78.4500, SHAP=-0.0350 | ↑ 원/달러 환율 변화율 3일전: 값=-0.0034, SHAP=+0.0315"
2024-01-29,상승,하락/보합,0.53164995,0.46835008,"↓ 금값-달러인덱스 상호작용 2일전: 값=0.0000, SHAP=-0.0374 | ↓ WTI 서부텍사스유 가격 변화율: 값=-0.0153, SHAP=-0.0371 | ↓ 국제 금 선물 가격 변화율: 값=0.0042, SHAP=-0.0361 | ↓ WTI 서부텍사스유 가격: 값=77.2500, SHAP=-0.0310 | ↑ S&P 500 지수: 값=4927.9300, SHAP=+0.0265"
2024-01-30,상승,하락/보합,0.50331974,0.49668023,"↑ S&P500-KOSPI200 스프레드: 값=0.0005, SHAP=+0.0465 | ↓ 원/달러 환율 변화율: 값=-0.0049, SHAP=-0.0411 | ↑ 원/달러 환율 변화율 3일전: 값=-0.0013, SHAP=+0.0337 | ↓ 국제 금 선물 가격 변화율: 값=0.0031, SHAP=-0.0314 | ↓ 달러 인덱스 변화율: 값=-0.0021, SHAP=-0.0267"
2024-01-31,상승,하락/보합,0.61511505,0.38488492,"↓ S&P500-KOSPI200 스프레드: 값=-0.0124, SHAP=-0.1627 | ↓ 금값-달러인덱스 상호작용 2일전: 값=0.0000, SHAP=-0.0725 | ↑ 국제 금 선물 가격 변화율 2일전: 값=0.0042, SHAP=+0.0397 | ↓ 국제 금 선물 가격 변화율: 값=0.0083, SHAP=-0.0381 | ↓ 금값 MACD 시그널 2일전: 값=-0.0002, SHAP=-0.0339"
2024-02-01,하락/보합,상승,0.4842596,0.5157404,"↑ S&P 500 지수 변화율: 값=0.0125, SHAP=+0.0447 | ↓ 국제 금 선물 가격 변화율: 값=0.0022, SHAP=-0.0402 | ↓ WTI 서부텍사스유 가격 변화율: 값=-0.0252, SHAP=-0.0387 | ↓ 코스피 200 지수 변화율 2일전: 값=-0.0011, SHAP=-0.0382 | ↓ 금값 변화율 EMA(5일): 값=0.0034, SHAP=-0.0328"
2024-02-02,하락/보합,상승,0.4773085,0.5226915,"↓ S&P500-KOSPI200 스프레드: 값=-0.0215, SHAP=-0.1413 | ↑ 국제 금 선물 가격 변화율: 값=-0.0082, SHAP=+0.1155 | ↑ 원/달러 환율 변화율 3일전: 값=-0.0049, SHAP=+0.0436 | ↑ S&P 500 지수 변화율: 값=0.0107, SHAP=+0.0423 | ↑ 국제 금 선물 가격 변화율 2일전: 값=0.0083, SHAP=+0.0423"
2024-02-06,상승,하락/보합,0.5192306,0.48076937,"↑ S&P500-KOSPI200 스프레드: 값=0.0062, SHAP=+0.0642 | ↓ 국제 금 선물 가격 변화율 2일전: 값=-0.0082, SHAP=-0.0499 | ↓ 원/달러 환율 변화율: 값=-0.0031, SHAP=-0.0388 | ↑ 원/달러 환율 변화율 3일전: 값=-0.0023, SHAP=+0.0343 | ↓ 국제 금 선물 가격 변화율: 값=0.0043, SHAP=-0.0311"
2024-02-07,하락/보합,상승,0.4782197,0.5217803,"↑ S&P 500 지수 변화율: 값=0.0082, SHAP=+0.0561 | ↑ S&P500-KOSPI200 스프레드: 값=-0.0046, SHAP=+0.0386 | ↓ 국제 금 선물 가격 변화율 2일전: 값=-0.0051, SHAP=-0.0332 | ↑ 원/달러 환율 변화율 3일전: 값=-0.0074, SHAP=+0.0324 | ↑ S&P 500 지수: 값=4995.0600, SHAP=+0.0322"
2024-02-09,하락/보합,상승,0.44402915,0.55597085,"↑ S&P500-KOSPI200 스프레드: 값=0.0057, SHAP=+0.0642 | ↑ 원/달러 환율 변화율 3일전: 값=-0.0031, SHAP=+0.0368 | ↑ 코스피 200 지수: 값=353.2900, SHAP=+0.0341 | ↑ S&P 500 지수: 값=5026.6100, SHAP=+0.0306 | ↓ WTI 서부텍사스유 가격: 값=77.2600, SHAP=-0.0286"
2024-02-12,하락/보합,상승,0.46684587,0.53315413,"↑ S&P500-KOSPI200 스프레드: 값=-0.0009, SHAP=+0.0545 | ↑ S&P 500 지수: 값=5021.8400, SHAP=+0.0278 | ↓ WTI 서부텍사스유 가격: 값=77.3400, SHAP=-0.0272 | ↑ 금값 변동성(20일표준편차): 값=0.0056, SHAP=+0.0265 | ↑ 코스피 200 지수: 값=353.2900, SHAP=+0.0230"
2024-02-16,상승,하락/보합,0.5582049,0.44179514,"↓ S&P500-KOSPI200 스프레드: 값=-0.0171, SHAP=-0.1691 | ↓ WTI 서부텍사스유 가격 변화율 1일전: 값=0.0179, SHAP=-0.0408 | ↑ 코스피 200 지수 변화율 2일전: 값=-0.0131, SHAP=+0.0406 | ↓ WTI 서부텍사스유 가격: 값=79.6500, SHAP=-0.0365 | ↑ 국제 금 선물 가격 변화율 2일전: 값=-0.0013, SHAP=+0.0353"
2024-02-21,하락/보합,상승,0.4504807,0.5495193,"↑ S&P500-KOSPI200 스프레드: 값=0.0037, SHAP=+0.0407 | ↓ WTI 서부텍사스유 가격: 값=78.8900, SHAP=-0.0340 | ↑ 원/달러 환율 변화율 3일전: 값=-0.0009, SHAP=+0.0310 | ↓ 금값 변화율 EMA(5일): 값=0.0014, SHAP=-0.0269 | ↑ 코스피 200 지수: 값=356.0400, SHAP=+0.0264"
2024-02-27,하락/보합,상승,0.4772362,0.5227638,"↑ S&P500-KOSPI200 스프레드: 값=0.0094, SHAP=+0.0444 | ↑ 국제 금 선물 가격 변화율 2일전: 값=0.0094, SHAP=+0.0349 | ↓ 국제 금 선물 가격 변화율: 값=0.0027, SHAP=-0.0337 | ↓ 금값 변화율 EMA(5일): 값=0.0013, SHAP=-0.0299 | ↑ 원/달러 환율 변화율 3일전: 값=-0.0047, SHAP=+0.0287"
2024-02-28,상승,하락/보합,0.57322246,0.42677754,"↓ S&P500-KOSPI200 스프레드: 값=-0.0131, SHAP=-0.1946 | ↓ 국제 금 선물 가격 변화율 2일전: 값=-0.0050, SHAP=-0.0664 | ↓ WTI 서부텍사스유 가격 변화율 1일전: 값=0.0162, SHAP=-0.0442 | ↑ 코스피 200 지수 변화율 2일전: 값=-0.0086, SHAP=+0.0439 | ↑ 금값 변화율 EMA(5일) 1일전: 값=0.0013, SHAP=+0.0316"
2024-03-04,상승,하락/보합,0.54693866,0.4530613,"↓ S&P500-KOSPI200 스프레드: 값=-0.0167, SHAP=-0.1149 | ↓ 금값-달러인덱스 상호작용 2일전: 값=0.0000, SHAP=-0.0551 | ↑ 국제 금 선물 가격 변화율 2일전: 값=0.0062, SHAP=+0.0481 | ↓ WTI 서부텍사스유 가격 변화율: 값=-0.0152, SHAP=-0.0455 | ↓ 국제 금 선물 가격 변화율: 값=0.0148, SHAP=-0.0383"
2024-03-08,상승,하락/보합,0.5333632,0.46663678,"↓ S&P500-KOSPI200 스프레드: 값=-0.0202, SHAP=-0.0996 | ↑ 국제 금 선물 가격 변화율 2일전: 값=0.0079, SHAP=+0.0521 | ↓ 코스피 200 지수 변화율 3일전: 값=-0.0097, SHAP=-0.0453 | ↓ 원/달러 환율 변화율: 값=-0.0038, SHAP=-0.0425 | ↑ 금값 변화율 EMA(5일) 2일전: 값=0.0090, SHAP=+0.0414"
2024-03-11,하락/보합,상승,0.49330008,0.5066999,"↑ 원/달러 환율 변화율 3일전: 값=-0.0019, SHAP=+0.0450 | ↑ 금값 RSI(14일) 2일전: 값=90.1182, SHAP=+0.0435 | ↑ S&P500-KOSPI200 스프레드: 값=0.0082, SHAP=+0.0366 | ↓ 원/달러 환율 변화율: 값=-0.0051, SHAP=-0.0338 | ↓ 코스피 200 지수 변화율 3일전: 값=-0.0037, SHAP=-0.0330"
2024-03-13,하락/보합,상승,0.46367186,0.53632814,"↑ 금값 RSI(14일) 2일전: 값=89.9783, SHAP=+0.0566 | ↓ 금값-달러인덱스 상호작용 2일전: 값=0.0000, SHAP=-0.0459 | ↑ 원/달러 환율 변화율 3일전: 값=-0.0038, SHAP=+0.0381 | ↓ 국제 금 선물 가격 변화율: 값=0.0069, SHAP=-0.0379 | ↑ 금값 변화율 EMA(5일) 2일전: 값=0.0059, SHAP=+0.0332"
2024-03-18,하락/보합,상승,0.46464384,0.53535616,"↑ S&P500-KOSPI200 스프레드: 값=0.0010, SHAP=+0.0590 | ↑ 코스피 200 지수: 값=361.3100, SHAP=+0.0387 | ↓ 국제 금 선물 가격 변화율 2일전: 값=-0.0057, SHAP=-0.0373 | ↓ WTI 서부텍사스유 가격: 값=83.6800, SHAP=-0.0296 | ↑ 달러 인덱스: 값=120.5800, SHAP=+0.0272"
2024-03-20,상승,하락/보합,0.56527764,0.43472236,"↓ 원/달러 환율 변화율 3일전: 값=0.0085, SHAP=-0.1987 | ↓ WTI 서부텍사스유 가격 변화율: 값=-0.0190, SHAP=-0.0502 | ↑ S&P 500 지수 변화율: 값=0.0089, SHAP=+0.0351 | ↓ WTI 서부텍사스유 가격: 값=82.7900, SHAP=-0.0339 | ↑ 금값 RSI(14일) 2일전: 값=80.8304, SHAP=+0.0335"
2024-03-26,상승,하락/보합,0.60785425,0.39214575,"↓ S&P500-KOSPI200 스프레드: 값=-0.0132, SHAP=-0.1993 | ↓ 국제 금 선물 가격 변화율 2일전: 값=-0.0111, SHAP=-0.1283 | ↓ WTI 서부텍사스유 가격 변화율 1일전: 값=0.0162, SHAP=-0.0428 | ↓ WTI 서부텍사스유 가격: 값=82.4100, SHAP=-0.0353 | ↑ 원/달러 환율 변화율 3일전: 값=-0.0126, SHAP=+0.0334"
2024-03-27,상승,하락/보합,0.5704055,0.42959452,"↓ 원/달러 환율 변화율 3일전: 값=0.0121, SHAP=-0.1929 | ↓ 금값 변화율 SMA(20일이동평균): 값=0.0038, SHAP=-0.0455 | ↓ 국제 금 선물 가격 변화율: 값=0.0069, SHAP=-0.0382 | ↑ 달러 인덱스: 값=121.0100, SHAP=+0.0355 | ↑ 국제 금 선물 가격 변화율 2일전: 값=0.0077, SHAP=+0.0343"
2024-04-02,상승,하락/보합,0.5136534,0.48634663,"↓ S&P500-KOSPI200 스프레드: 값=-0.0127, SHAP=-0.1207 | ↑ 국제 금 선물 가격 변화율 2일전: 값=0.0122, SHAP=+0.0551 | ↑ 금값 변화율 EMA(5일) 2일전: 값=0.0062, SHAP=+0.0457 | ↓ 금값-달러인덱스 상호작용 2일전: 값=0.0000, SHAP=-0.0380 | ↓ 코스피 200 지수 변화율 2일전: 값=-0.0023, SHAP=-0.0338"
2024-04-03,하락/보합,상승,0.49335802,0.506642,"↓ 금값-달러인덱스 상호작용 2일전: 값=0.0000, SHAP=-0.0618 | ↓ 국제 금 선물 가격 변화율: 값=0.0148, SHAP=-0.0423 | ↑ S&P500-KOSPI200 스프레드: 값=0.0187, SHAP=+0.0391 | ↑ 국제 금 선물 가격 변화율 2일전: 값=0.0086, SHAP=+0.0351 | ↑ 코스피 200 지수: 값=369.7200, SHAP=+0.0350"
2024-04-09,하락/보합,상승,0.48687983,0.5131202,"↓ 금값-달러인덱스 상호작용 2일전: 값=0.0000, SHAP=-0.0654 | ↑ 금값 RSI(14일) 2일전: 값=85.4071, SHAP=+0.0445 | ↑ 원/달러 환율 변화율 3일전: 값=-0.0012, SHAP=+0.0439 | ↓ WTI 서부텍사스유 가격 변화율: 값=-0.0138, SHAP=-0.0433 | ↓ 금값 변화율 SMA(20일이동평균): 값=0.0036, SHAP=-0.0353"
2024-04-10,상승,하락/보합,0.52098286,0.47901717,"↓ S&P500-KOSPI200 스프레드: 값=-0.0095, SHAP=-0.1182 | ↑ 국제 금 선물 가격 변화율 2일전: 값=0.0026, SHAP=+0.0473 | ↓ 원/달러 환율 변화율: 값=-0.0042, SHAP=-0.0469 | ↓ 코스피 200 지수 변화율 3일전: 값=-0.0108, SHAP=-0.0423 | ↑ 금값 RSI(14일) 2일전: 값=85.5427, SHAP=+0.0393"
2024-04-16,하락/보합,상승,0.48004794,0.51995206,"↑ 금값-달러인덱스 상호작용: 값=0.0001, SHAP=+0.1858 | ↓ 원/달러 환율 변화율 3일전: 값=0.0112, SHAP=-0.1816 | ↓ 금값 변화율 SMA(20일이동평균): 값=0.0051, SHAP=-0.0507 | ↓ 국제 금 선물 가격 변화율: 값=0.0106, SHAP=-0.0458 | ↑ 코스피 200 지수 변화율 2일전: 값=-0.0094, SHAP=+0.0384"
2024-04-17,상승,하락/보합,0.569715,0.43028495,"↓ 원/달러 환율 변화율 3일전: 값=0.0077, SHAP=-0.1887 | ↑ 국제 금 선물 가격 변화율: 값=-0.0080, SHAP=+0.0850 | ↓ 금값 변화율 SMA(20일이동평균): 값=0.0048, SHAP=-0.0513 | ↓ 원/달러 환율 변화율: 값=-0.0058, SHAP=-0.0457 | ↓ WTI 서부텍사스유 가격 변화율: 값=-0.0298, SHAP=-0.0401"
2024-04-18,상승,하락/보합,0.5193342,0.48066577,"↓ S&P500-KOSPI200 스프레드: 값=-0.0200, SHAP=-0.0879 | ↑ 국제 금 선물 가격 변화율 2일전: 값=0.0106, SHAP=+0.0510 | ↑ 금값 RSI(14일) 2일전: 값=92.5020, SHAP=+0.0450 | ↑ 금값 변화율 EMA(5일) 2일전: 값=0.0060, SHAP=+0.0364 | ↓ 원/달러 환율 변화율: 값=-0.0090, SHAP=-0.0347"
2024-04-22,하락/보합,상승,0.38271022,0.6172898,"↑ 국제 금 선물 가격 변화율: 값=-0.0276, SHAP=+0.1573 | ↑ 금값 RSI(14일) 2일전: 값=84.4162, SHAP=+0.0602 | ↑ 원/달러 환율 변화율 3일전: 값=-0.0058, SHAP=+0.0464 | ↑ S&P 500 지수 변화율: 값=0.0087, SHAP=+0.0444 | ↓ S&P 500 지수 변화율 3일전: 값=-0.0058, SHAP=-0.0385"
2024-04-23,하락/보합,상승,0.4319737,0.5680263,"↑ S&P 500 지수 변화율: 값=0.0120, SHAP=+0.0828 | ↑ 금값 RSI(14일) 2일전: 값=84.1358, SHAP=+0.0540 | ↑ 원/달러 환율 변화율 3일전: 값=-0.0090, SHAP=+0.0406 | ↑ 코스피 200 지수: 값=355.9800, SHAP=+0.0400 | ↑ S&P500-KOSPI200 스프레드: 값=0.0145, SHAP=+0.0346"
2024-04-24,상승,하락/보합,0.61015904,0.389841,"↓ S&P500-KOSPI200 스프레드: 값=-0.0212, SHAP=-0.2025 | ↓ 국제 금 선물 가격 변화율 2일전: 값=-0.0276, SHAP=-0.1178 | ↑ 달러 인덱스: 값=122.8900, SHAP=+0.0336 | ↓ 코스피 200 지수 변화율 3일전: 값=-0.0180, SHAP=-0.0335 | ↓ 국제 금 선물 가격: 값=2324.5000, SHAP=-0.0325"
2024-04-29,하락/보합,상승,0.47223336,0.52776664,"↑ 금값 MACD 시그널 2일전: 값=-0.0012, SHAP=+0.0585 | ↑ 원/달러 환율 변화율 3일전: 값=-0.0068, SHAP=+0.0414 | ↑ 국제 금 선물 가격 변화율 2일전: 값=0.0023, SHAP=+0.0302 | ↑ 금값 MACD 시그널: 값=-0.0012, SHAP=+0.0298 | ↓ WTI 서부텍사스유 가격 변화율: 값=-0.0131, SHAP=-0.0295"
2024-05-01,하락/보합,상승,0.4472109,0.5527891,"↑ 금값 MACD 시그널 2일전: 값=-0.0012, SHAP=+0.0477 | ↓ 국제 금 선물 가격 변화율: 값=0.0037, SHAP=-0.0310 | ↓ WTI 서부텍사스유 가격 변화율: 값=-0.0334, SHAP=-0.0292 | ↓ 국제 금 선물 가격: 값=2299.9000, SHAP=-0.0283 | ↑ WTI 서부텍사스유 가격 변화율 1일전: 값=-0.0091, SHAP=+0.0262"
2024-05-02,하락/보합,상승,0.46118528,0.5388147,"↓ 국제 금 선물 가격 변화율 2일전: 값=-0.0230, SHAP=-0.0944 | ↑ S&P 500 지수 변화율: 값=0.0091, SHAP=+0.0696 | ↑ S&P500-KOSPI200 스프레드: 값=0.0114, SHAP=+0.0563 | ↑ 코스피 200 지수: 값=364.3100, SHAP=+0.0357 | ↓ 국제 금 선물 가격: 값=2299.2000, SHAP=-0.0292"
2024-05-10,하락/보합,상승,0.4550013,0.5449987,"↑ 금값 MACD 시그널 2일전: 값=-0.0012, SHAP=+0.0551 | ↓ 국제 금 선물 가격 변화율: 값=0.0151, SHAP=-0.0383 | ↑ 국제 금 선물 가격 변화율 2일전: 값=-0.0007, SHAP=+0.0320 | ↓ WTI 서부텍사스유 가격 변화율: 값=-0.0130, SHAP=-0.0299 | ↑ 코스피 200 지수 변화율 3일전: 값=0.0254, SHAP=+0.0290"
2024-05-15,하락/보합,상승,0.46242362,0.5375764,"↑ S&P 500 지수 변화율: 값=0.0117, SHAP=+0.0764 | ↓ 국제 금 선물 가격 변화율 2일전: 값=-0.0132, SHAP=-0.0614 | ↑ S&P500-KOSPI200 스프레드: 값=0.0117, SHAP=+0.0539 | ↑ 원/달러 환율 변화율 3일전: 값=-0.0014, SHAP=+0.0422 | ↓ 원/달러 환율 변화율: 값=-0.0063, SHAP=-0.0403"
2024-05-16,상승,하락/보합,0.5600976,0.4399024,"↓ S&P500-KOSPI200 스프레드: 값=-0.0117, SHAP=-0.1202 | ↑ 국제 금 선물 가격 변화율 2일전: 값=0.0074, SHAP=+0.0552 | ↓ 원/달러 환율 변화율: 값=-0.0110, SHAP=-0.0386 | ↓ 원/달러 환율 변화율 1일전: 값=-0.0063, SHAP=-0.0359 | ↓ 금값 변화율 EMA(5일): 값=0.0033, SHAP=-0.0326"
2024-05-21,하락/보합,상승,0.47531074,0.52468926,"↓ 금값 변화율 EMA(5일): 값=0.0033, SHAP=-0.0365 | ↑ 원/달러 환율 변화율 3일전: 값=-0.0110, SHAP=+0.0363 | ↑ 국제 금 선물 가격 변화율 2일전: 값=0.0135, SHAP=+0.0349 | ↑ 달러 인덱스: 값=121.3800, SHAP=+0.0307 | ↓ 금값-달러인덱스 상호작용 2일전: 값=0.0000, SHAP=-0.0299"
2024-05-22,하락/보합,상승,0.45760477,0.54239523,"↑ 국제 금 선물 가격 변화율: 값=-0.0134, SHAP=+0.1450 | ↓ 원/달러 환율 변화율 3일전: 값=0.0072, SHAP=-0.1271 | ↑ 국제 금 선물 가격 변화율 2일전: 값=0.0090, SHAP=+0.0415 | ↓ WTI 서부텍사스유 가격 변화율: 값=-0.0187, SHAP=-0.0375 | ↑ 금값 변화율 EMA(5일) 1일전: 값=0.0033, SHAP=+0.0306"
2024-05-23,하락/보합,상승,0.45169783,0.5483022,"↑ 국제 금 선물 가격 변화율: 값=-0.0227, SHAP=+0.1273 | ↓ 국제 금 선물 가격 변화율 2일전: 값=-0.0050, SHAP=-0.0540 | ↓ S&P 500 지수 변화율: 값=-0.0074, SHAP=-0.0370 | ↓ 금값 변화율 EMA(5일) 1일전: 값=-0.0023, SHAP=-0.0351 | ↑ 금값 변화율 EMA(5일): 값=-0.0091, SHAP=+0.0337"
2024-05-30,하락/보합,상승,0.47966975,0.52033025,"↑ S&P500-KOSPI200 스프레드: 값=0.0112, SHAP=+0.0484 | ↑ 국제 금 선물 가격 변화율 2일전: 값=0.0097, SHAP=+0.0378 | ↑ 코스피 200 지수: 값=358.7000, SHAP=+0.0278 | ↑ 금값-달러인덱스 상호작용 2일전: 값=-0.0000, SHAP=+0.0277 | ↓ WTI 서부텍사스유 가격 변화율: 값=-0.0160, SHAP=-0.0270"
2024-06-10,하락/보합,상승,0.46562278,0.5343772,"↑ S&P500-KOSPI200 스프레드: 값=0.0132, SHAP=+0.0436 | ↑ 국제 금 선물 가격 변화율 2일전: 값=0.0069, SHAP=+0.0397 | ↑ 코스피 200 지수: 값=367.4600, SHAP=+0.0308 | ↓ 코스피 200 지수 변화율: 값=-0.0106, SHAP=-0.0293 | ↑ 달러 인덱스: 값=123.9100, SHAP=+0.0275"
2024-06-14,하락/보합,상승,0.43438858,0.5656114,"↑ 금값-달러인덱스 상호작용: 값=0.0000, SHAP=+0.1176 | ↑ 국제 금 선물 가격 변화율 2일전: 값=0.0124, SHAP=+0.0515 | ↑ 금값 MACD 시그널 2일전: 값=-0.0007, SHAP=+0.0383 | ↓ 국제 금 선물 가격 변화율: 값=0.0136, SHAP=-0.0381 | ↑ S&P500-KOSPI200 스프레드: 값=-0.0037, SHAP=+0.0284"
2024-06-18,상승,하락/보합,0.52043515,0.47956485,"↓ 금값-달러인덱스 상호작용 2일전: 값=0.0000, SHAP=-0.0697 | ↓ 국제 금 선물 가격 변화율: 값=0.0078, SHAP=-0.0463 | ↑ 국제 금 선물 가격 변화율 2일전: 값=0.0136, SHAP=+0.0447 | ↓ WTI 서부텍사스유 가격 변화율 1일전: 값=0.0242, SHAP=-0.0442 | ↑ 금값 변화율 SMA(20일이동평균): 값=-0.0021, SHAP=+0.0379"
2024-06-24,하락/보합,상승,0.46992272,0.5300773,"↓ 금값-달러인덱스 상호작용 2일전: 값=0.0000, SHAP=-0.0580 | ↓ 국제 금 선물 가격 변화율: 값=0.0059, SHAP=-0.0425 | ↑ S&P500-KOSPI200 스프레드: 값=0.0035, SHAP=+0.0410 | ↑ 국제 금 선물 가격 변화율 2일전: 값=0.0100, SHAP=+0.0276 | ↑ S&P500-KOSPI200 스프레드 2일전: 값=-0.0212, SHAP=+0.0267"
2024-06-25,하락/보합,상승,0.49817586,0.50182414,"↑ S&P500-KOSPI200 스프레드: 값=0.0001, SHAP=+0.0689 | ↓ 국제 금 선물 가격 변화율 2일전: 값=-0.0159, SHAP=-0.0670 | ↑ 코스피 200 지수 변화율 2일전: 값=-0.0101, SHAP=+0.0373 | ↓ 금값-달러인덱스 상호작용 2일전: 값=0.0000, SHAP=-0.0367 | ↑ S&P 500 지수: 값=5469.3000, SHAP=+0.0255"
2024-06-27,상승,하락/보합,0.5190231,0.48097688,"↑ S&P500-KOSPI200 스프레드: 값=0.0028, SHAP=+0.0543 | ↓ 국제 금 선물 가격 변화율 2일전: 값=-0.0058, SHAP=-0.0517 | ↓ 국제 금 선물 가격 변화율: 값=0.0110, SHAP=-0.0410 | ↓ S&P 500 지수 변화율 3일전: 값=-0.0031, SHAP=-0.0268 | ↑ 코스피 200 지수: 값=382.2700, SHAP=+0.0249"
2024-07-10,상승,하락/보합,0.5108918,0.48910818,"↓ 국제 금 선물 가격 변화율 2일전: 값=-0.0139, SHAP=-0.0653 | ↓ 금값-달러인덱스 상호작용 2일전: 값=0.0000, SHAP=-0.0621 | ↑ S&P500-KOSPI200 스프레드: 값=0.0107, SHAP=+0.0475 | ↑ S&P 500 지수 변화율: 값=0.0102, SHAP=+0.0460 | ↓ 코스피 200 지수 변화율 2일전: 값=-0.0025, SHAP=-0.0388"
2024-07-16,하락/보합,상승,0.44018763,0.55981237,"↑ 금값-달러인덱스 상호작용: 값=0.0000, SHAP=+0.0959 | ↑ 원/달러 환율 변화율 3일전: 값=-0.0091, SHAP=+0.0436 | ↓ WTI 서부텍사스유 가격 변화율: 값=-0.0156, SHAP=-0.0415 | ↓ 금값-달러인덱스 상호작용 2일전: 값=0.0000, SHAP=-0.0389 | ↓ S&P 500 지수 변화율 3일전: 값=-0.0088, SHAP=-0.0335"
2024-07-17,하락/보합,상승,0.49754882,0.5024512,"↓ 원/달러 환율 변화율: 값=-0.0032, SHAP=-0.0397 | ↓ 금값-달러인덱스 상호작용 2일전: 값=0.0000, SHAP=-0.0385 | ↓ S&P 500 지수 변화율: 값=-0.0139, SHAP=-0.0306 | ↑ 금값 MACD 2일전: 값=0.0014, SHAP=+0.0276 | ↑ 국제 금 선물 가격 변화율 2일전: 값=0.0037, SHAP=+0.0266"
2024-07-18,하락/보합,상승,0.4959966,0.5040034,"↓ 금값-달러인덱스 상호작용 2일전: 값=0.0000, SHAP=-0.0563 | ↑ 국제 금 선물 가격 변화율 2일전: 값=0.0163, SHAP=+0.0410 | ↓ WTI 서부텍사스유 가격: 값=84.1700, SHAP=-0.0324 | ↑ 코스피 200 지수: 값=389.0000, SHAP=+0.0296 | ↑ S&P500-KOSPI200 스프레드: 값=-0.0013, SHAP=+0.0289"
2024-07-19,하락/보합,상승,0.44403672,0.5559633,"↑ 국제 금 선물 가격 변화율: 값=-0.0230, SHAP=+0.1177 | ↑ 코스피 200 지수: 값=383.8900, SHAP=+0.0391 | ↓ WTI 서부텍사스유 가격 변화율: 값=-0.0326, SHAP=-0.0338 | ↓ 금값-달러인덱스 상호작용 2일전: 값=0.0000, SHAP=-0.0320 | ↑ 금값 변화율 EMA(5일): 값=-0.0059, SHAP=+0.0281"
2024-07-26,하락/보합,상승,0.44210118,0.5578988,"↑ 금값-달러인덱스 상호작용: 값=0.0000, SHAP=+0.0866 | ↑ S&P 500 지수 변화율: 값=0.0111, SHAP=+0.0576 | ↓ 국제 금 선물 가격 변화율: 값=0.0119, SHAP=-0.0474 | ↑ S&P500-KOSPI200 스프레드: 값=0.0032, SHAP=+0.0398 | ↑ 코스피 200 지수: 값=374.2000, SHAP=+0.0368"
2024-07-29,상승,하락/보합,0.5689199,0.43108007,"↓ S&P500-KOSPI200 스프레드: 값=-0.0113, SHAP=-0.1758 | ↓ 국제 금 선물 가격 변화율 2일전: 값=-0.0254, SHAP=-0.1015 | ↑ 원/달러 환율 변화율 3일전: 값=-0.0046, SHAP=+0.0424 | ↓ 금값-달러인덱스 상호작용 2일전: 값=0.0000, SHAP=-0.0412 | ↑ WTI 서부텍사스유 가격 변화율 1일전: 값=-0.0107, SHAP=+0.0399"
2024-07-30,상승,하락/보합,0.5208381,0.47916192,"↑ 금값-달러인덱스 상호작용: 값=0.0000, SHAP=+0.1013 | ↓ 금값-달러인덱스 상호작용 2일전: 값=0.0000, SHAP=-0.0432 | ↑ S&P500-KOSPI200 스프레드: 값=0.0052, SHAP=+0.0410 | ↓ 국제 금 선물 가격 변화율: 값=0.0117, SHAP=-0.0406 | ↓ S&P 500 지수 변화율 3일전: 값=-0.0051, SHAP=-0.0376"
2024-08-05,하락/보합,상승,0.46125937,0.53874063,"↑ 국제 금 선물 가격 변화율: 값=-0.0099, SHAP=+0.1052 | ↓ S&P 500 지수 변화율: 값=-0.0300, SHAP=-0.0616 | ↑ S&P500-KOSPI200 스프레드: 값=0.0612, SHAP=+0.0516 | ↓ 금값-달러인덱스 상호작용 2일전: 값=0.0000, SHAP=-0.0480 | ↓ 코스피 200 지수 변화율: 값=-0.0912, SHAP=-0.0318"
2024-08-06,상승,하락/보합,0.50894797,0.491052,"↓ S&P500-KOSPI200 스프레드: 값=-0.0194, SHAP=-0.1851 | ↑ S&P 500 지수 변화율: 값=0.0104, SHAP=+0.0592 | ↓ 금값-달러인덱스 상호작용 2일전: 값=0.0000, SHAP=-0.0452 | ↓ 금값 변화율 EMA(5일) 1일전: 값=-0.0022, SHAP=-0.0389 | ↓ 국제 금 선물 가격 변화율 2일전: 값=-0.0038, SHAP=-0.0348"
2024-08-07,상승,하락/보합,0.5322351,0.4677649,"↓ S&P500-KOSPI200 스프레드: 값=-0.0293, SHAP=-0.2024 | ↓ 국제 금 선물 가격 변화율 2일전: 값=-0.0099, SHAP=-0.0917 | ↑ 달러 인덱스: 값=123.5700, SHAP=+0.0491 | ↑ 원/달러 환율 변화율 3일전: 값=-0.0067, SHAP=+0.0448 | ↓ 금값 변화율 EMA(5일) 1일전: 값=-0.0032, SHAP=-0.0393"
2024-08-09,상승,하락/보합,0.5395405,0.4604595,"↓ S&P500-KOSPI200 스프레드: 값=-0.0092, SHAP=-0.1471 | ↓ 원/달러 환율 변화율 3일전: 값=0.0071, SHAP=-0.0704 | ↓ 원/달러 환율 변화율: 값=-0.0096, SHAP=-0.0470 | ↑ 금값 변화율 EMA(5일) 1일전: 값=0.0031, SHAP=+0.0460 | ↓ 국제 금 선물 가격 변화율: 값=0.0041, SHAP=-0.0340"
2024-08-13,하락/보합,상승,0.45587462,0.5441254,"↑ S&P 500 지수 변화율: 값=0.0168, SHAP=+0.0497 | ↑ S&P500-KOSPI200 스프레드: 값=0.0129, SHAP=+0.0492 | ↓ WTI 서부텍사스유 가격 변화율: 값=-0.0201, SHAP=-0.0418 | ↓ 국제 금 선물 가격 변화율: 값=0.0017, SHAP=-0.0352 | ↑ 코스피 200 지수: 값=357.0200, SHAP=+0.0306"
2024-08-16,상승,하락/보합,0.594514,0.405486,"↓ S&P500-KOSPI200 스프레드: 값=-0.0222, SHAP=-0.1816 | ↓ 국제 금 선물 가격 변화율 2일전: 값=-0.0111, SHAP=-0.1253 | ↓ 금값-달러인덱스 상호작용 2일전: 값=0.0001, SHAP=-0.0699 | ↓ 국제 금 선물 가격 변화율: 값=0.0185, SHAP=-0.0361 | ↑ 원/달러 환율 변화율 3일전: 값=-0.0019, SHAP=+0.0360"
2024-08-20,하락/보합,상승,0.4755122,0.5244878,"↓ S&P500-KOSPI200 스프레드: 값=-0.0115, SHAP=-0.0997 | ↑ 국제 금 선물 가격 변화율 2일전: 값=0.0185, SHAP=+0.0539 | ↑ 금값 변화율 EMA(5일) 2일전: 값=0.0072, SHAP=+0.0413 | ↓ 원/달러 환율 변화율 1일전: 값=-0.0149, SHAP=-0.0321 | ↑ 금값-달러인덱스 상호작용 2일전: 값=-0.0000, SHAP=+0.0315"
2024-08-21,하락/보합,상승,0.4727059,0.5272941,"↑ 원/달러 환율 변화율 3일전: 값=-0.0065, SHAP=+0.0434 | ↓ WTI 서부텍사스유 가격 변화율: 값=-0.0333, SHAP=-0.0349 | ↑ 코스피 200 지수: 값=368.2200, SHAP=+0.0304 | ↑ S&P500-KOSPI200 스프레드: 값=0.0063, SHAP=+0.0299 | ↑ 금값 MACD 2일전: 값=0.0013, SHAP=+0.0250"
2024-08-29,하락/보합,상승,0.47001028,0.5299897,"↑ 금값-달러인덱스 상호작용: 값=0.0000, SHAP=+0.1454 | ↓ 국제 금 선물 가격 변화율: 값=0.0099, SHAP=-0.0375 | ↓ 코스피 200 지수 변화율 3일전: 값=-0.0043, SHAP=-0.0353 | ↓ S&P 500 지수 변화율 3일전: 값=-0.0032, SHAP=-0.0351 | ↑ S&P500-KOSPI200 스프레드: 값=0.0141, SHAP=+0.0349"
2024-08-30,하락/보합,상승,0.40862507,0.59137493,"↑ 국제 금 선물 가격 변화율: 값=-0.0126, SHAP=+0.1681 | ↑ S&P500-KOSPI200 스프레드: 값=0.0061, SHAP=+0.0714 | ↑ S&P 500 지수 변화율: 값=0.0101, SHAP=+0.0585 | ↑ 코스피 200 지수: 값=361.5500, SHAP=+0.0382 | ↑ S&P 500 지수: 값=5648.4000, SHAP=+0.0367"
2024-09-03,상승,하락/보합,0.54971945,0.45028058,"↓ S&P500-KOSPI200 스프레드: 값=-0.0135, SHAP=-0.1250 | ↓ 금값-달러인덱스 상호작용 2일전: 값=0.0000, SHAP=-0.0534 | ↓ WTI 서부텍사스유 가격 변화율: 값=-0.0435, SHAP=-0.0419 | ↑ 국제 금 선물 가격 변화율 2일전: 값=0.0099, SHAP=+0.0352 | ↓ 금값 변화율 EMA(5일) 1일전: 값=-0.0024, SHAP=-0.0307"
2024-09-04,상승,하락/보합,0.510544,0.489456,"↑ S&P500-KOSPI200 스프레드: 값=0.0322, SHAP=+0.0626 | ↓ 국제 금 선물 가격 변화율 2일전: 값=-0.0126, SHAP=-0.0553 | ↓ WTI 서부텍사스유 가격 변화율: 값=-0.0164, SHAP=-0.0331 | ↓ 코스피 200 지수 변화율: 값=-0.0338, SHAP=-0.0303 | ↑ 원/달러 환율 변화율 3일전: 값=-0.0023, SHAP=+0.0275"
2024-09-05,하락/보합,상승,0.46765167,0.53234833,"↑ S&P500-KOSPI200 스프레드: 값=-0.0009, SHAP=+0.0541 | ↓ 국제 금 선물 가격 변화율: 값=0.0072, SHAP=-0.0380 | ↑ S&P500-KOSPI200 스프레드 1일전: 값=0.0322, SHAP=+0.0359 | ↓ 금값 MACD 시그널 2일전: 값=-0.0002, SHAP=-0.0349 | ↑ 코스피 200 지수: 값=345.9200, SHAP=+0.0267"
2024-09-06,상승,하락/보합,0.52460593,0.47539407,"↑ 달러 인덱스: 값=122.5000, SHAP=+0.0305 | ↓ S&P500-KOSPI200 스프레드 2일전: 값=0.0322, SHAP=-0.0301 | ↓ WTI 서부텍사스유 가격 변화율: 값=-0.0215, SHAP=-0.0296 | ↓ 국제 금 선물 가격: 값=2493.5000, SHAP=-0.0248 | ↑ 금값 변화율 EMA(5일) 1일전: 값=0.0018, SHAP=+0.0244"
2024-09-10,하락/보합,상승,0.46690756,0.53309244,"↑ S&P500-KOSPI200 스프레드: 값=0.0095, SHAP=+0.0632 | ↑ 원/달러 환율 변화율 3일전: 값=-0.0013, SHAP=+0.0360 | ↑ 코스피 200 지수 변화율 2일전: 값=-0.0103, SHAP=+0.0302 | ↑ 달러 인덱스: 값=123.0100, SHAP=+0.0295 | ↓ S&P 500 지수 변화율 3일전: 값=-0.0030, SHAP=-0.0268"
2024-09-12,상승,하락/보합,0.54122597,0.45877403,"↓ S&P500-KOSPI200 스프레드: 값=-0.0169, SHAP=-0.1281 | ↑ 국제 금 선물 가격 변화율 2일전: 값=0.0042, SHAP=+0.0449 | ↓ WTI 서부텍사스유 가격 변화율 1일전: 값=0.0228, SHAP=-0.0439 | ↓ 국제 금 선물 가격 변화율: 값=0.0156, SHAP=-0.0401 | ↓ 금값-달러인덱스 상호작용 2일전: 값=0.0000, SHAP=-0.0383"
2024-09-16,하락/보합,상승,0.4486463,0.5513537,"↑ S&P500-KOSPI200 스프레드: 값=0.0013, SHAP=+0.0480 | ↑ 원/달러 환율 변화율 3일전: 값=-0.0021, SHAP=+0.0368 | ↑ 금값 변화율 EMA(5일) 2일전: 값=0.0059, SHAP=+0.0336 | ↓ 코스피 200 지수 변화율 3일전: 값=-0.0084, SHAP=-0.0336 | ↑ 국제 금 선물 가격 변화율 2일전: 값=0.0156, SHAP=+0.0314"
2024-09-26,하락/보합,상승,0.4827298,0.5172702,"↓ S&P500-KOSPI200 스프레드: 값=-0.0304, SHAP=-0.1093 | ↑ 금값 RSI(14일) 2일전: 값=84.5654, SHAP=+0.0698 | ↓ 원/달러 환율 변화율: 값=-0.0152, SHAP=-0.0435 | ↑ 금값-달러인덱스 상호작용 2일전: 값=-0.0000, SHAP=+0.0375 | ↑ 국제 금 선물 가격 변화율 2일전: 값=0.0094, SHAP=+0.0363"
2024-09-27,하락/보합,상승,0.44985968,0.5501403,"↑ 국제 금 선물 가격 변화율: 값=-0.0096, SHAP=+0.1154 | ↓ 금값-달러인덱스 상호작용 2일전: 값=0.0000, SHAP=-0.0463 | ↑ 원/달러 환율 변화율 3일전: 값=-0.0031, SHAP=+0.0443 | ↓ 원/달러 환율 변화율: 값=-0.0041, SHAP=-0.0437 | ↑ 금값 RSI(14일) 2일전: 값=83.8040, SHAP=+0.0423"
2024-10-03,하락/보합,상승,0.4607767,0.5392233,"↑ 금값-달러인덱스 상호작용: 값=0.0000, SHAP=+0.1074 | ↑ 국제 금 선물 가격 변화율 2일전: 값=0.0118, SHAP=+0.0387 | ↓ 금값-달러인덱스 상호작용 2일전: 값=0.0000, SHAP=-0.0374 | ↑ S&P500-KOSPI200 스프레드: 값=-0.0017, SHAP=+0.0343 | ↑ 코스피 200 지수: 값=340.7200, SHAP=+0.0292"
2024-10-04,하락/보합,상승,0.49551713,0.50448287,"↑ S&P500-KOSPI200 스프레드: 값=0.0060, SHAP=+0.0602 | ↑ S&P 500 지수 변화율: 값=0.0090, SHAP=+0.0509 | ↓ 국제 금 선물 가격 변화율 2일전: 값=-0.0076, SHAP=-0.0471 | ↑ 코스피 200 지수: 값=341.7400, SHAP=+0.0377 | ↓ 금값-달러인덱스 상호작용 2일전: 값=0.0000, SHAP=-0.0340"
2024-10-18,상승,하락/보합,0.5814452,0.41855478,"↓ 원/달러 환율 변화율 3일전: 값=0.0107, SHAP=-0.2019 | ↓ WTI 서부텍사스유 가격 변화율: 값=-0.0208, SHAP=-0.0564 | ↓ 금값-달러인덱스 상호작용 2일전: 값=0.0000, SHAP=-0.0541 | ↓ 금값 변화율 SMA(20일이동평균): 값=0.0018, SHAP=-0.0433 | ↓ 국제 금 선물 가격 변화율: 값=0.0084, SHAP=-0.0387"
2024-10-22,하락/보합,상승,0.4524395,0.5475605,"↑ 국제 금 선물 가격 변화율 2일전: 값=0.0084, SHAP=+0.0433 | ↑ S&P500-KOSPI200 스프레드: 값=0.0126, SHAP=+0.0353 | ↑ 달러 인덱스: 값=124.4100, SHAP=+0.0315 | ↑ WTI 서부텍사스유 가격 변화율: 값=0.0236, SHAP=+0.0302 | ↑ 금값 변화율 EMA(5일) 2일전: 값=0.0057, SHAP=+0.0290"
2024-10-24,상승,하락/보합,0.50495815,0.49504185,"↓ 원/달러 환율 변화율 3일전: 값=0.0069, SHAP=-0.1196 | ↑ 국제 금 선물 가격 변화율 2일전: 값=0.0077, SHAP=+0.0421 | ↓ 국제 금 선물 가격 변화율: 값=0.0076, SHAP=-0.0377 | ↑ S&P500-KOSPI200 스프레드: 값=0.0119, SHAP=+0.0283 | ↑ 코스피 200 지수: 값=342.8800, SHAP=+0.0279"
2024-10-28,상승,하락/보합,0.53400755,0.46599242,"↓ S&P500-KOSPI200 스프레드: 값=-0.0087, SHAP=-0.0996 | ↓ WTI 서부텍사스유 가격 변화율: 값=-0.0607, SHAP=-0.0742 | ↑ 금값 변화율 EMA(5일) 1일전: 값=0.0026, SHAP=+0.0412 | ↓ WTI 서부텍사스유 가격 변화율 1일전: 값=0.0204, SHAP=-0.0294 | ↑ 국제 금 선물 가격 변화율 2일전: 값=0.0076, SHAP=+0.0293"
2024-11-01,하락/보합,상승,0.42049038,0.5795096,"↑ 금값 RSI(14일) 2일전: 값=84.1149, SHAP=+0.0613 | ↑ S&P500-KOSPI200 스프레드: 값=0.0095, SHAP=+0.0420 | ↑ 코스피 200 지수: 값=337.4900, SHAP=+0.0396 | ↑ 원/달러 환율 변화율 3일전: 값=-0.0024, SHAP=+0.0389 | ↑ 코스피 200 지수 변화율 2일전: 값=-0.0094, SHAP=+0.0299"
2024-11-04,상승,하락/보합,0.56001806,0.4399819,"↓ S&P500-KOSPI200 스프레드: 값=-0.0209, SHAP=-0.1875 | ↓ 국제 금 선물 가격 변화율 2일전: 값=-0.0180, SHAP=-0.1101 | ↑ 달러 인덱스: 값=124.5900, SHAP=+0.0392 | ↓ 금값-달러인덱스 상호작용 2일전: 값=0.0000, SHAP=-0.0366 | ↑ 원/달러 환율 변화율 3일전: 값=-0.0027, SHAP=+0.0348"
2024-11-05,하락/보합,상승,0.4807058,0.5192942,"↑ S&P 500 지수 변화율: 값=0.0123, SHAP=+0.0542 | ↑ S&P500-KOSPI200 스프레드: 값=0.0185, SHAP=+0.0537 | ↑ 원/달러 환율 변화율 3일전: 값=-0.0006, SHAP=+0.0415 | ↑ 달러 인덱스: 값=124.5500, SHAP=+0.0387 | ↓ 코스피 200 지수 변화율 3일전: 값=-0.0165, SHAP=-0.0345"
2024-11-07,하락/보합,상승,0.44670713,0.5532929,"↑ S&P500-KOSPI200 스프레드: 값=0.0067, SHAP=+0.0556 | ↑ 원/달러 환율 변화율 3일전: 값=-0.0013, SHAP=+0.0435 | ↓ 국제 금 선물 가격 변화율: 값=0.0115, SHAP=-0.0383 | ↑ 코스피 200 지수: 값=340.8700, SHAP=+0.0376 | ↑ S&P500-KOSPI200 스프레드 1일전: 값=0.0278, SHAP=+0.0366"
2024-11-11,하락/보합,상승,0.47409928,0.5259007,"↑ 국제 금 선물 가격 변화율: 값=-0.0284, SHAP=+0.1553 | ↓ 원/달러 환율 변화율 3일전: 값=0.0143, SHAP=-0.1360 | ↓ 금값-달러인덱스 상호작용 3일전: 값=-0.0002, SHAP=-0.0764 | ↑ 국제 금 선물 가격 변화율 2일전: 값=0.0115, SHAP=+0.0664 | ↑ S&P500-KOSPI200 스프레드: 값=0.0159, SHAP=+0.0591"
2024-11-12,하락/보합,상승,0.48794776,0.51205224,"↑ S&P500-KOSPI200 스프레드: 값=0.0190, SHAP=+0.0536 | ↑ 금값 MACD 시그널 2일전: 값=-0.0011, SHAP=+0.0480 | ↓ 코스피 200 지수 변화율 2일전: 값=-0.0034, SHAP=-0.0345 | ↓ 코스피 200 지수 변화율: 값=-0.0219, SHAP=-0.0332 | ↑ 달러 인덱스 변화율: 값=0.0096, SHAP=+0.0301"
2024-11-14,하락/보합,상승,0.49430323,0.5056968,"↓ 국제 금 선물 가격 변화율 2일전: 값=-0.0043, SHAP=-0.0435 | ↑ 금값 MACD 시그널 2일전: 값=-0.0019, SHAP=+0.0382 | ↑ S&P500-KOSPI200 스프레드 1일전: 값=0.0261, SHAP=+0.0369 | ↓ 금값 변화율 EMA(5일) 1일전: 값=-0.0085, SHAP=-0.0307 | ↓ S&P 500 지수 변화율: 값=-0.0060, SHAP=-0.0301"
2024-11-15,상승,하락/보합,0.6431452,0.35685483,"↓ S&P500-KOSPI200 스프레드: 값=-0.0221, SHAP=-0.1608 | ↓ 원/달러 환율 변화율 3일전: 값=0.0083, SHAP=-0.1573 | ↓ 국제 금 선물 가격 변화율 2일전: 값=-0.0074, SHAP=-0.0884 | ↓ 금값 변화율 EMA(5일) 1일전: 값=-0.0073, SHAP=-0.0456 | ↓ 원/달러 환율 변화율: 값=-0.0038, SHAP=-0.0393"
2024-11-18,상승,하락/보합,0.58029187,0.41970816,"↓ S&P500-KOSPI200 스프레드: 값=-0.0208, SHAP=-0.1815 | ↓ 국제 금 선물 가격 변화율 2일전: 값=-0.0049, SHAP=-0.0535 | ↑ 달러 인덱스: 값=126.6000, SHAP=+0.0502 | ↑ WTI 서부텍사스유 가격 변화율 1일전: 값=-0.0241, SHAP=+0.0383 | ↓ 국제 금 선물 가격 변화율: 값=0.0175, SHAP=-0.0382"
2024-11-22,하락/보합,상승,0.39800388,0.6019961,"↑ 금값-달러인덱스 상호작용: 값=0.0000, SHAP=+0.1895 | ↑ 금값 MACD 시그널 2일전: 값=-0.0009, SHAP=+0.0502 | ↑ 국제 금 선물 가격 변화율 2일전: 값=0.0080, SHAP=+0.0471 | ↓ 금값-달러인덱스 상호작용 2일전: 값=0.0000, SHAP=-0.0464 | ↓ 국제 금 선물 가격 변화율: 값=0.0141, SHAP=-0.0408"
2024-11-27,상승,하락/보합,0.5422535,0.45774654,"↓ 국제 금 선물 가격 변화율 2일전: 값=-0.0344, SHAP=-0.0677 | ↑ S&P500-KOSPI200 스프레드: 값=0.0060, SHAP=+0.0556 | ↓ 국제 금 선물 가격 변화율: 값=0.0075, SHAP=-0.0539 | ↓ 금값-달러인덱스 상호작용 2일전: 값=0.0001, SHAP=-0.0528 | ↓ 원/달러 환율 변화율: 값=-0.0040, SHAP=-0.0439"
2024-12-03,상승,하락/보합,0.50769997,0.4923,"↓ S&P500-KOSPI200 스프레드: 값=-0.0183, SHAP=-0.1494 | ↑ 국제 금 선물 가격 변화율 2일전: 값=0.0065, SHAP=+0.0554 | ↑ 금값 변화율 SMA(20일이동평균): 값=-0.0016, SHAP=+0.0367 | ↑ 코스피 200 지수 변화율 2일전: 값=-0.0207, SHAP=+0.0340 | ↑ 달러 인덱스: 값=126.9600, SHAP=+0.0336"
2024-12-06,상승,하락/보합,0.5098096,0.49019036,"↓ 원/달러 환율 변화율 3일전: 값=0.0154, SHAP=-0.1474 | ↑ S&P500-KOSPI200 스프레드: 값=0.0081, SHAP=+0.0414 | ↑ 국제 금 선물 가격 변화율 2일전: 값=0.0034, SHAP=+0.0397 | ↓ 금값 변동성(20일표준편차): 값=0.0128, SHAP=-0.0336 | ↓ 국제 금 선물 가격 변화율: 값=0.0046, SHAP=-0.0305"
2024-12-09,상승,하락/보합,0.52075565,0.47924435,"↓ 국제 금 선물 가격 변화율 2일전: 값=-0.0102, SHAP=-0.0808 | ↑ S&P500-KOSPI200 스프레드: 값=0.0197, SHAP=+0.0605 | ↑ 코스피 200 지수 변화율 2일전: 값=-0.0083, SHAP=+0.0511 | ↓ 금값-달러인덱스 상호작용 2일전: 값=0.0000, SHAP=-0.0467 | ↓ 국제 금 선물 가격 변화율: 값=0.0100, SHAP=-0.0451"
2024-12-10,상승,하락/보합,0.5170249,0.48297516,"↑ 금값-달러인덱스 상호작용: 값=0.0000, SHAP=+0.1595 | ↓ S&P500-KOSPI200 스프레드: 값=-0.0254, SHAP=-0.1299 | ↓ 코스피 200 지수 변화율 3일전: 값=-0.0083, SHAP=-0.0486 | ↑ 국제 금 선물 가격 변화율 2일전: 값=0.0046, SHAP=+0.0448 | ↓ 국제 금 선물 가격 변화율: 값=0.0123, SHAP=-0.0420"
2024-12-11,하락/보합,상승,0.47097397,0.52902603,"↓ 국제 금 선물 가격 변화율: 값=0.0134, SHAP=-0.0349 | ↓ 코스피 200 지수 변화율 3일전: 값=-0.0056, SHAP=-0.0336 | ↑ 국제 금 선물 가격 변화율 2일전: 값=0.0100, SHAP=+0.0330 | ↑ 달러 인덱스: 값=126.8500, SHAP=+0.0305 | ↑ S&P500-KOSPI200 스프레드: 값=-0.0014, SHAP=+0.0299"
2024-12-12,하락/보합,상승,0.49915123,0.50084877,"↓ S&P500-KOSPI200 스프레드: 값=-0.0214, SHAP=-0.1434 | ↑ 국제 금 선물 가격 변화율: 값=-0.0169, SHAP=+0.1003 | ↑ 국제 금 선물 가격 변화율 2일전: 값=0.0123, SHAP=+0.0559 | ↓ 금값-달러인덱스 상호작용 2일전: 값=0.0000, SHAP=-0.0388 | ↑ 달러 인덱스: 값=126.9600, SHAP=+0.0384"
2024-12-13,하락/보합,상승,0.39758205,0.60241795,"↑ 국제 금 선물 가격 변화율: 값=-0.0117, SHAP=+0.1344 | ↑ 국제 금 선물 가격 변화율 2일전: 값=0.0134, SHAP=+0.0409 | ↑ 달러 인덱스: 값=127.3100, SHAP=+0.0358 | ↑ 금값 변화율 EMA(5일): 값=-0.0038, SHAP=+0.0320 | ↑ 금값 MACD 2일전: 값=0.0024, SHAP=+0.0250"
2024-12-16,하락/보합,상승,0.4633922,0.5366078,"↑ S&P500-KOSPI200 스프레드: 값=0.0065, SHAP=+0.0768 | ↓ 국제 금 선물 가격 변화율 2일전: 값=-0.0169, SHAP=-0.0606 | ↑ 코스피 200 지수: 값=329.6100, SHAP=+0.0343 | ↑ 원/달러 환율 변화율 3일전: 값=-0.0029, SHAP=+0.0333 | ↑ 코스피 200 지수 변화율 2일전: 값=0.0160, SHAP=+0.0311"
2024-12-17,하락/보합,상승,0.49204677,0.5079532,"↓ 국제 금 선물 가격 변화율 2일전: 값=-0.0117, SHAP=-0.0789 | ↑ S&P500-KOSPI200 스프레드: 값=0.0094, SHAP=+0.0458 | ↑ S&P500-KOSPI200 스프레드 2일전: 값=-0.0044, SHAP=+0.0301 | ↓ S&P 500 지수 변화율: 값=-0.0039, SHAP=-0.0285 | ↑ 달러 인덱스: 값=127.5000, SHAP=+0.0277"
2024-12-20,하락/보합,상승,0.43911994,0.56088006,"↑ S&P 500 지수 변화율: 값=0.0109, SHAP=+0.0768 | ↑ S&P500-KOSPI200 스프레드: 값=0.0234, SHAP=+0.0610 | ↓ 국제 금 선물 가격 변화율: 값=0.0141, SHAP=-0.0438 | ↓ 금값 변동성(20일표준편차): 값=0.0127, SHAP=-0.0411 | ↑ 코스피 200 지수: 값=318.3300, SHAP=+0.0403"
2024-12-26,하락/보합,상승,0.4990942,0.5009058,"↑ S&P500-KOSPI200 스프레드: 값=0.0056, SHAP=+0.0685 | ↓ 국제 금 선물 가격 변화율 2일전: 값=-0.0062, SHAP=-0.0441 | ↓ 국제 금 선물 가격 변화율: 값=0.0072, SHAP=-0.0420 | ↑ 원/달러 환율 변화율 3일전: 값=-0.0011, SHAP=+0.0328 | ↑ S&P500-KOSPI200 스프레드 2일전: 값=-0.0073, SHAP=+0.0278"
2024-12-27,하락/보합,상승,0.44469768,0.5553023,"↑ 국제 금 선물 가격 변화율: 값=-0.0082, SHAP=+0.1329 | ↑ 국제 금 선물 가격 변화율 2일전: 값=0.0029, SHAP=+0.0294 | ↑ 금값 변화율 EMA(5일) 1일전: 값=0.0020, SHAP=+0.0285 | ↑ S&P 500 지수: 값=5970.8400, SHAP=+0.0276 | ↑ 달러 인덱스: 값=128.4500, SHAP=+0.0269"
2025-01-03,하락/보합,상승,0.48543477,0.5145652,"↑ S&P 500 지수 변화율: 값=0.0126, SHAP=+0.0735 | ↓ 원/달러 환율 변화율 1일전: 값=-0.0036, SHAP=-0.0419 | ↑ S&P 500 지수: 값=5942.4700, SHAP=+0.0345 | ↑ 달러 인덱스: 값=129.4500, SHAP=+0.0322 | ↓ 금값-달러인덱스 상호작용 2일전: 값=0.0000, SHAP=-0.0303"
2025-01-07,상승,하락/보합,0.59340715,0.40659288,"↓ S&P500-KOSPI200 스프레드: 값=-0.0092, SHAP=-0.1917 | ↓ 국제 금 선물 가격 변화율 2일전: 값=-0.0052, SHAP=-0.0812 | ↓ 원/달러 환율 변화율: 값=-0.0052, SHAP=-0.0495 | ↑ 원/달러 환율 변화율 3일전: 값=-0.0036, SHAP=+0.0438 | ↓ 국제 금 선물 가격 변화율: 값=0.0069, SHAP=-0.0383"
2025-01-08,상승,하락/보합,0.55256146,0.44743854,"↓ S&P500-KOSPI200 스프레드: 값=-0.0107, SHAP=-0.1699 | ↓ 금값-달러인덱스 상호작용 2일전: 값=0.0000, SHAP=-0.0641 | ↑ 금값-달러인덱스 상호작용: 값=0.0000, SHAP=+0.0473 | ↓ 국제 금 선물 가격 변화율: 값=0.0029, SHAP=-0.0420 | ↓ WTI 서부텍사스유 가격 변화율: 값=-0.0133, SHAP=-0.0393"
2025-01-10,하락/보합,상승,0.48441786,0.51558214,"↑ 금값-달러인덱스 상호작용: 값=0.0000, SHAP=+0.1443 | ↓ S&P500-KOSPI200 스프레드: 값=-0.0129, SHAP=-0.1163 | ↓ 금값-달러인덱스 상호작용 2일전: 값=0.0000, SHAP=-0.0429 | ↓ 코스피 200 지수 변화율 3일전: 값=-0.0019, SHAP=-0.0408 | ↑ 국제 금 선물 가격 변화율 2일전: 값=0.0029, SHAP=+0.0369"
2025-01-14,상승,하락/보합,0.538493,0.46150702,"↓ 금값-달러인덱스 상호작용 2일전: 값=0.0000, SHAP=-0.0638 | ↑ S&P500-KOSPI200 스프레드: 값=-0.0002, SHAP=+0.0472 | ↓ WTI 서부텍사스유 가격 변화율: 값=-0.0172, SHAP=-0.0439 | ↓ 원/달러 환율 변화율: 값=-0.0050, SHAP=-0.0408 | ↓ 코스피 200 지수 변화율 2일전: 값=-0.0025, SHAP=-0.0352"
2025-01-15,상승,하락/보합,0.56617177,0.4338282,"↓ 원/달러 환율 변화율 3일전: 값=0.0097, SHAP=-0.2239 | ↑ S&P 500 지수 변화율: 값=0.0183, SHAP=+0.0780 | ↓ 국제 금 선물 가격 변화율 2일전: 값=-0.0129, SHAP=-0.0658 | ↑ S&P500-KOSPI200 스프레드: 값=0.0176, SHAP=+0.0505 | ↓ 원/달러 환율 변화율 1일전: 값=-0.0050, SHAP=-0.0393"
2025-01-16,하락/보합,상승,0.46976054,0.53023946,"↑ 금값-달러인덱스 상호작용: 값=0.0000, SHAP=+0.1859 | ↓ S&P500-KOSPI200 스프레드: 값=-0.0165, SHAP=-0.1248 | ↓ 코스피 200 지수 변화율 3일전: 값=-0.0127, SHAP=-0.0719 | ↑ 국제 금 선물 가격 변화율 2일전: 값=0.0015, SHAP=+0.0416 | ↑ 원/달러 환율 변화율 3일전: 값=-0.0044, SHAP=+0.0411"
2025-01-22,하락/보합,상승,0.47514892,0.5248511,"↑ 코스피 200 지수 변화율 3일전: 값=0.0144, SHAP=+0.0386 | ↓ 코스피 200 지수 변화율 2일전: 값=-0.0019, SHAP=-0.0316 | ↑ 금값 MACD 2일전: 값=0.0014, SHAP=+0.0310 | ↓ 국제 금 선물 가격 변화율: 값=0.0046, SHAP=-0.0282 | ↑ S&P 500 지수: 값=6086.3700, SHAP=+0.0279"
2025-01-23,상승,하락/보합,0.5167495,0.4832505,"↓ WTI 서부텍사스유 가격 변화율: 값=-0.0143, SHAP=-0.0415 | ↓ 코스피 200 지수 변화율 2일전: 값=-0.0019, SHAP=-0.0371 | ↑ S&P500-KOSPI200 스프레드: 값=0.0179, SHAP=+0.0328 | ↑ 코스피 200 지수: 값=334.5000, SHAP=+0.0311 | ↑ S&P 500 지수: 값=6118.7100, SHAP=+0.0257"
2025-01-27,상승,하락/보합,0.52315193,0.47684807,"↓ S&P500-KOSPI200 스프레드: 값=-0.0146, SHAP=-0.1277 | ↑ 국제 금 선물 가격 변화율: 값=-0.0143, SHAP=+0.1014 | ↓ S&P 500 지수 변화율: 값=-0.0146, SHAP=-0.0402 | ↓ 원/달러 환율 변화율 1일전: 값=-0.0036, SHAP=-0.0369 | ↓ WTI 서부텍사스유 가격 변화율: 값=-0.0195, SHAP=-0.0355"
2025-01-29,상승,하락/보합,0.5153556,0.48464438,"↓ 국제 금 선물 가격 변화율 2일전: 값=-0.0143, SHAP=-0.0657 | ↓ 원/달러 환율 변화율: 값=-0.0032, SHAP=-0.0442 | ↑ 원/달러 환율 변화율 3일전: 값=-0.0036, SHAP=+0.0427 | ↓ WTI 서부텍사스유 가격 변화율: 값=-0.0163, SHAP=-0.0311 | ↑ S&P 500 지수: 값=6039.3100, SHAP=+0.0305"
2025-01-31,상승,하락/보합,0.5210258,0.47897422,"↓ 원/달러 환율 변화율 3일전: 값=0.0088, SHAP=-0.1815 | ↓ 금값 변화율 EMA(5일): 값=0.0038, SHAP=-0.0377 | ↑ S&P 500 지수 변화율 3일전: 값=0.0092, SHAP=+0.0328 | ↓ 금값 변화율 SMA(20일이동평균): 값=0.0028, SHAP=-0.0317 | ↑ S&P500-KOSPI200 스프레드: 값=0.0050, SHAP=+0.0299"
2025-02-06,상승,하락/보합,0.50500405,0.49499592,"↑ 국제 금 선물 가격 변화율 2일전: 값=0.0068, SHAP=+0.0401 | ↓ S&P500-KOSPI200 스프레드: 값=-0.0086, SHAP=-0.0335 | ↓ 코스피 200 지수 변화율 3일전: 값=-0.0264, SHAP=-0.0331 | ↑ 코스피 200 지수: 값=336.5300, SHAP=+0.0298 | ↓ 원/달러 환율 변화율 1일전: 값=-0.0060, SHAP=-0.0280"
2025-02-10,하락/보합,상승,0.39947325,0.60052675,"↑ 금값-달러인덱스 상호작용: 값=0.0000, SHAP=+0.1672 | ↓ 국제 금 선물 가격 변화율: 값=0.0164, SHAP=-0.0548 | ↑ S&P500-KOSPI200 스프레드: 값=0.0049, SHAP=+0.0429 | ↑ 원/달러 환율 변화율 3일전: 값=-0.0060, SHAP=+0.0388 | ↓ 국제 금 선물 가격 변화율 2일전: 값=-0.0054, SHAP=-0.0347"
2025-02-11,하락/보합,상승,0.49609333,0.50390667,"↓ 금값-달러인덱스 상호작용 2일전: 값=0.0000, SHAP=-0.0520 | ↑ 코스피 200 지수 변화율 2일전: 값=-0.0078, SHAP=+0.0360 | ↓ 금값 변화율 SMA(20일이동평균): 값=0.0043, SHAP=-0.0301 | ↑ 국제 금 선물 가격 변화율 2일전: 값=0.0040, SHAP=+0.0286 | ↑ S&P 500 지수: 값=6068.5000, SHAP=+0.0284"
2025-02-12,상승,하락/보합,0.5300056,0.46999443,"↓ 금값-달러인덱스 상호작용 2일전: 값=0.0000, SHAP=-0.0496 | ↓ WTI 서부텍사스유 가격 변화율: 값=-0.0265, SHAP=-0.0433 | ↑ 금값 MACD 2일전: 값=0.0014, SHAP=+0.0368 | ↑ 국제 금 선물 가격 변화율 2일전: 값=0.0164, SHAP=+0.0311 | ↑ 달러 인덱스: 값=128.3300, SHAP=+0.0311"
2025-02-13,하락/보합,상승,0.48768175,0.51231825,"↑ S&P 500 지수 변화율: 값=0.0104, SHAP=+0.0506 | ↓ 금값-달러인덱스 상호작용 2일전: 값=0.0000, SHAP=-0.0459 | ↓ 국제 금 선물 가격 변화율: 값=0.0058, SHAP=-0.0457 | ↓ 원/달러 환율 변화율: 값=-0.0045, SHAP=-0.0438 | ↑ 원/달러 환율 변화율 3일전: 값=-0.0020, SHAP=+0.0425"
2025-02-19,상승,하락/보합,0.57108545,0.42891455,"↓ S&P500-KOSPI200 스프레드: 값=-0.0169, SHAP=-0.1917 | ↓ 국제 금 선물 가격 변화율 2일전: 값=-0.0145, SHAP=-0.1314 | ↓ 금값-달러인덱스 상호작용 2일전: 값=0.0001, SHAP=-0.0590 | ↑ 금값 변화율 EMA(5일) 1일전: 값=0.0040, SHAP=+0.0426 | ↑ 원/달러 환율 변화율 3일전: 값=-0.0045, SHAP=+0.0359"
2025-02-21,상승,하락/보합,0.53511155,0.46488845,"↓ S&P500-KOSPI200 스프레드: 값=-0.0164, SHAP=-0.1487 | ↓ 국제 금 선물 가격 변화율 2일전: 값=-0.0042, SHAP=-0.0360 | ↑ 원/달러 환율 변화율 3일전: 값=-0.0007, SHAP=+0.0338 | ↓ 원/달러 환율 변화율 1일전: 값=-0.0044, SHAP=-0.0330 | ↑ 금값-달러인덱스 상호작용 2일전: 값=-0.0000, SHAP=+0.0294"
2025-02-27,하락/보합,상승,0.48960692,0.5103931,"↑ 국제 금 선물 가격 변화율: 값=-0.0115, SHAP=+0.0873 | ↓ 국제 금 선물 가격 변화율 2일전: 값=-0.0147, SHAP=-0.0705 | ↑ 달러 인덱스: 값=127.9700, SHAP=+0.0480 | ↑ 원/달러 환율 변화율 3일전: 값=-0.0030, SHAP=+0.0406 | ↓ S&P 500 지수 변화율: 값=-0.0159, SHAP=-0.0387"
2025-03-03,상승,하락/보합,0.54809475,0.45190525,"↓ S&P500-KOSPI200 스프레드: 값=-0.0176, SHAP=-0.1981 | ↓ 국제 금 선물 가격 변화율 2일전: 값=-0.0115, SHAP=-0.1313 | ↑ WTI 서부텍사스유 가격 변화율 1일전: 값=-0.0092, SHAP=+0.0387 | ↑ S&P 500 지수 변화율 1일전: 값=0.0159, SHAP=+0.0355 | ↑ 달러 인덱스: 값=127.7500, SHAP=+0.0326"
2025-03-04,상승,하락/보합,0.6222979,0.3777021,"↓ 원/달러 환율 변화율 3일전: 값=0.0099, SHAP=-0.2075 | ↓ S&P500-KOSPI200 스프레드: 값=-0.0115, SHAP=-0.1725 | ↓ 국제 금 선물 가격 변화율 2일전: 값=-0.0161, SHAP=-0.1433 | ↑ 금값-달러인덱스 상호작용: 값=0.0000, SHAP=+0.0507 | ↓ 금값 변화율 SMA(20일이동평균): 값=0.0014, SHAP=-0.0414"
2025-03-05,상승,하락/보합,0.5148572,0.4851428,"↓ 원/달러 환율 변화율 3일전: 값=0.0081, SHAP=-0.1895 | ↓ 원/달러 환율 변화율: 값=-0.0091, SHAP=-0.0490 | ↑ S&P500-KOSPI200 스프레드: 값=0.0020, SHAP=+0.0445 | ↓ WTI 서부텍사스유 가격 변화율: 값=-0.0276, SHAP=-0.0402 | ↑ S&P 500 지수 변화율 3일전: 값=0.0159, SHAP=+0.0366"
2025-03-07,하락/보합,상승,0.45238996,0.54761004,"↑ 금값 MACD 시그널 2일전: 값=-0.0008, SHAP=+0.0423 | ↑ 달러 인덱스: 값=125.9800, SHAP=+0.0379 | ↑ S&P500-KOSPI200 스프레드: 값=0.0111, SHAP=+0.0335 | ↓ 국제 금 선물 가격: 값=2904.7000, SHAP=-0.0308 | ↑ 코스피 200 지수: 값=338.4200, SHAP=+0.0275"
2025-03-10,상승,하락/보합,0.51497376,0.4850262,"↓ S&P500-KOSPI200 스프레드: 값=-0.0281, SHAP=-0.1981 | ↑ 금값 MACD 시그널 2일전: 값=-0.0007, SHAP=+0.0548 | ↑ 원/달러 환율 변화율 3일전: 값=-0.0091, SHAP=+0.0370 | ↓ S&P 500 지수 변화율: 값=-0.0270, SHAP=-0.0337 | ↑ 국제 금 선물 가격 변화율 2일전: 값=0.0004, SHAP=+0.0334"
2025-03-11,상승,하락/보합,0.5161911,0.48380888,"↑ 금값 MACD 시그널 2일전: 값=-0.0007, SHAP=+0.0530 | ↑ S&P500-KOSPI200 스프레드: 값=0.0037, SHAP=+0.0494 | ↓ 국제 금 선물 가격 변화율: 값=0.0076, SHAP=-0.0473 | ↓ 국제 금 선물 가격 변화율 2일전: 값=-0.0041, SHAP=-0.0388 | ↓ 금값-달러인덱스 상호작용 2일전: 값=0.0000, SHAP=-0.0356"
2025-03-12,상승,하락/보합,0.56187916,0.4381208,"↓ S&P500-KOSPI200 스프레드: 값=-0.0128, SHAP=-0.1865 | ↑ 금값 MACD 시그널 2일전: 값=-0.0008, SHAP=+0.0460 | ↓ 국제 금 선물 가격 변화율: 값=0.0090, SHAP=-0.0404 | ↓ 국제 금 선물 가격 변화율 2일전: 값=-0.0047, SHAP=-0.0367 | ↓ 국제 금 선물 가격: 값=2939.1000, SHAP=-0.0281"
2025-03-21,하락/보합,상승,0.48537266,0.51462734,"↑ 금값 MACD 2일전: 값=0.0011, SHAP=+0.0349 | ↑ 금값 변화율 EMA(5일) 1일전: 값=0.0037, SHAP=+0.0332 | ↑ 달러 인덱스: 값=126.2700, SHAP=+0.0295 | ↑ 코스피 200 지수: 값=355.1800, SHAP=+0.0275 | ↓ WTI 서부텍사스유 가격: 값=68.5200, SHAP=-0.0250"
2025-03-25,하락/보합,상승,0.49830228,0.5016977,"↓ 국제 금 선물 가격 변화율 2일전: 값=-0.0072, SHAP=-0.0634 | ↑ S&P500-KOSPI200 스프레드: 값=0.0077, SHAP=+0.0590 | ↑ S&P500-KOSPI200 스프레드 1일전: 값=0.0231, SHAP=+0.0385 | ↑ 코스피 200 지수: 값=351.0900, SHAP=+0.0300 | ↓ 국제 금 선물 가격 변화율: 값=0.0035, SHAP=-0.0292"
2025-03-26,상승,하락/보합,0.5406923,0.45930767,"↓ S&P500-KOSPI200 스프레드: 값=-0.0223, SHAP=-0.1274 | ↑ 원/달러 환율 변화율 3일전: 값=-0.0009, SHAP=+0.0343 | ↑ 금값 변화율 EMA(5일) 1일전: 값=0.0008, SHAP=+0.0318 | ↓ 금값-달러인덱스 상호작용 2일전: 값=0.0000, SHAP=-0.0309 | ↓ WTI 서부텍사스유 가격: 값=70.0500, SHAP=-0.0255"
2025-03-31,하락/보합,상승,0.4298432,0.5701568,"↑ 금값-달러인덱스 상호작용: 값=0.0000, SHAP=+0.1565 | ↑ 금값 RSI(14일) 2일전: 값=82.2150, SHAP=+0.0653 | ↓ 금값-달러인덱스 상호작용 2일전: 값=0.0000, SHAP=-0.0545 | ↑ 달러 인덱스: 값=126.7100, SHAP=+0.0361 | ↓ 금값 변화율 SMA(20일이동평균): 값=0.0039, SHAP=-0.0350"
2025-04-03,하락/보합,상승,0.45186162,0.5481384,"↑ 금값-달러인덱스 상호작용: 값=0.0002, SHAP=+0.2163 | ↑ 국제 금 선물 가격 변화율: 값=-0.0137, SHAP=+0.1187 | ↓ S&P500-KOSPI200 스프레드: 값=-0.0385, SHAP=-0.1151 | ↓ S&P 500 지수 변화율: 값=-0.0484, SHAP=-0.0485 | ↓ 코스피 200 지수 변화율 3일전: 값=-0.0308, SHAP=-0.0465"
2025-04-08,상승,하락/보합,0.5245712,0.4754288,"↓ S&P500-KOSPI200 스프레드: 값=-0.0171, SHAP=-0.2057 | ↓ 국제 금 선물 가격 변화율 2일전: 값=-0.0274, SHAP=-0.0888 | ↑ 원/달러 환율 변화율 3일전: 값=-0.0079, SHAP=+0.0429 | ↑ 금값 변화율 EMA(5일): 값=-0.0069, SHAP=+0.0405 | ↑ 달러 인덱스: 값=126.8700, SHAP=+0.0388"
2025-04-09,상승,하락/보합,0.56610036,0.43389964,"↓ 국제 금 선물 가격 변화율 2일전: 값=-0.0202, SHAP=-0.0943 | ↑ S&P500-KOSPI200 스프레드: 값=0.1129, SHAP=+0.0611 | ↑ S&P 500 지수 변화율: 값=0.0952, SHAP=+0.0516 | ↓ 금값-달러인덱스 상호작용 3일전: 값=-0.0002, SHAP=-0.0504 | ↑ 달러 인덱스: 값=126.6300, SHAP=+0.0489"
2025-04-10,상승,하락/보합,0.6095987,0.3904013,"↓ 원/달러 환율 변화율 3일전: 값=0.0085, SHAP=-0.1381 | ↓ S&P500-KOSPI200 스프레드: 값=-0.1021, SHAP=-0.1067 | ↑ 금값 MACD 시그널 2일전: 값=-0.0013, SHAP=+0.0552 | ↑ 국제 금 선물 가격 변화율 2일전: 값=0.0058, SHAP=+0.0464 | ↓ 코스피 200 지수 변화율 3일전: 값=-0.0580, SHAP=-0.0443"
2025-04-21,하락/보합,상승,0.4870342,0.5129658,"↓ S&P500-KOSPI200 스프레드: 값=-0.0328, SHAP=-0.0935 | ↑ 국제 금 선물 가격 변화율 2일전: 값=0.0335, SHAP=+0.0453 | ↓ 금값 변동성(20일표준편차): 값=0.0170, SHAP=-0.0414 | ↑ 금값 MACD 2일전: 값=0.0039, SHAP=+0.0389 | ↑ 금값 변화율 EMA(5일) 2일전: 값=0.0163, SHAP=+0.0367"
2025-04-22,하락/보합,상승,0.46432894,0.53567106,"↑ S&P 500 지수 변화율: 값=0.0251, SHAP=+0.0764 | ↑ S&P500-KOSPI200 스프레드: 값=0.0272, SHAP=+0.0481 | ↑ 원/달러 환율 변화율 3일전: 값=-0.0084, SHAP=+0.0461 | ↓ 금값 변동성(20일표준편차): 값=0.0170, SHAP=-0.0438 | ↓ 금값-달러인덱스 상호작용 3일전: 값=-0.0001, SHAP=-0.0429"
2025-04-24,하락/보합,상승,0.472395,0.527605,"↑ S&P 500 지수 변화율: 값=0.0203, SHAP=+0.0803 | ↓ 금값-달러인덱스 상호작용 3일전: 값=-0.0002, SHAP=-0.0691 | ↑ S&P500-KOSPI200 스프레드: 값=0.0209, SHAP=+0.0392 | ↓ 국제 금 선물 가격 변화율: 값=0.0170, SHAP=-0.0360 | ↓ 금값 변동성(20일표준편차): 값=0.0197, SHAP=-0.0343"
2025-05-05,상승,하락/보합,0.5875474,0.4124526,"↓ 국제 금 선물 가격 변화율 2일전: 값=-0.0287, SHAP=-0.1073 | ↓ 금값 변동성(20일표준편차): 값=0.0205, SHAP=-0.0419 | ↑ 원/달러 환율 변화율 3일전: 값=-0.0044, SHAP=+0.0409 | ↑ WTI 서부텍사스유 가격 변화율 1일전: 값=-0.0152, SHAP=+0.0378 | ↓ 원/달러 환율 변화율: 값=-0.0170, SHAP=-0.0354"
2025-05-07,하락/보합,상승,0.4104215,0.5895785,"↑ 국제 금 선물 가격 변화율: 값=-0.0088, SHAP=+0.1199 | ↑ 금값 MACD 시그널 2일전: 값=-0.0010, SHAP=+0.0436 | ↑ 원/달러 환율 변화율 3일전: 값=-0.0269, SHAP=+0.0388 | ↓ 금값 변동성(20일표준편차): 값=0.0207, SHAP=-0.0349 | ↑ 국제 금 선물 가격 변화율 2일전: 값=0.0246, SHAP=+0.0332"
2025-05-14,상승,하락/보합,0.5554248,0.44457516,"↓ S&P500-KOSPI200 스프레드: 값=-0.0123, SHAP=-0.2122 | ↑ 금값-달러인덱스 상호작용: 값=0.0000, SHAP=+0.2110 | ↓ 국제 금 선물 가격 변화율 2일전: 값=-0.0346, SHAP=-0.1415 | ↑ 국제 금 선물 가격 변화율: 값=-0.0182, SHAP=+0.1139 | ↓ WTI 서부텍사스유 가격 변화율 1일전: 값=0.0272, SHAP=-0.0436"
2025-05-20,상승,하락/보합,0.5400378,0.4599622,"↓ 국제 금 선물 가격 변화율 2일전: 값=-0.0120, SHAP=-0.1281 | ↓ 국제 금 선물 가격 변화율: 값=0.0159, SHAP=-0.0456 | ↓ 금값 변동성(20일표준편차): 값=0.0200, SHAP=-0.0390 | ↓ 원/달러 환율 변화율 1일전: 값=-0.0091, SHAP=-0.0370 | ↑ S&P500-KOSPI200 스프레드: 값=-0.0052, SHAP=+0.0351"
2025-05-23,하락/보합,상승,0.4504212,0.5495788,"↑ 금값 MACD 시그널 2일전: 값=-0.0009, SHAP=+0.0508 | ↑ 국제 금 선물 가격 변화율 2일전: 값=0.0088, SHAP=+0.0483 | ↓ 금값 변동성(20일표준편차): 값=0.0183, SHAP=-0.0449 | ↑ 금값 변화율 EMA(5일) 2일전: 값=0.0070, SHAP=+0.0381 | ↓ 원/달러 환율 변화율: 값=-0.0120, SHAP=-0.0380"
2025-05-27,하락/보합,상승,0.4409635,0.5590365,"↑ 국제 금 선물 가격 변화율: 값=-0.0192, SHAP=+0.1024 | ↑ S&P 500 지수 변화율: 값=0.0205, SHAP=+0.0670 | ↑ 원/달러 환율 변화율 3일전: 값=-0.0156, SHAP=+0.0465 | ↑ S&P500-KOSPI200 스프레드: 값=0.0031, SHAP=+0.0401 | ↓ 국제 금 선물 가격 변화율 2일전: 값=-0.0051, SHAP=-0.0364"
2025-05-28,상승,하락/보합,0.53459483,0.46540517,"↓ 원/달러 환율 변화율 3일전: 값=0.0072, SHAP=-0.1496 | ↓ S&P500-KOSPI200 스프레드: 값=-0.0200, SHAP=-0.1274 | ↑ 국제 금 선물 가격 변화율 2일전: 값=0.0217, SHAP=+0.0569 | ↓ 코스피 200 지수 변화율 3일전: 값=-0.0131, SHAP=-0.0405 | ↓ 금값 변동성(20일표준편차): 값=0.0185, SHAP=-0.0398"
2025-06-02,하락/보합,상승,0.45382327,0.54617673,"↑ S&P500-KOSPI200 스프레드: 값=0.0039, SHAP=+0.0431 | ↓ 원/달러 환율 변화율: 값=-0.0034, SHAP=-0.0388 | ↓ 금값 변동성(20일표준편차): 값=0.0182, SHAP=-0.0377 | ↑ 금값-달러인덱스 상호작용 2일전: 값=-0.0000, SHAP=+0.0352 | ↓ 국제 금 선물 가격 변화율: 값=0.0248, SHAP=-0.0318"
2025-06-11,상승,하락/보합,0.53686583,0.46313414,"↓ S&P500-KOSPI200 스프레드: 값=-0.0157, SHAP=-0.1839 | ↑ 국제 금 선물 가격 변화율 2일전: 값=0.0028, SHAP=+0.0341 | ↓ 금값 변동성(20일표준편차): 값=0.0125, SHAP=-0.0317 | ↑ 달러 인덱스: 값=120.5900, SHAP=+0.0268 | ↓ 국제 금 선물 가격: 값=3321.3000, SHAP=-0.0267"
2025-06-12,상승,하락/보합,0.5019352,0.49806482,"↑ S&P500-KOSPI200 스프레드: 값=0.0017, SHAP=+0.0633 | ↑ 원/달러 환율 변화율 3일전: 값=-0.0039, SHAP=+0.0415 | ↓ 원/달러 환율 변화율: 값=-0.0086, SHAP=-0.0391 | ↓ WTI 서부텍사스유 가격 변화율 1일전: 값=0.0495, SHAP=-0.0341 | ↓ 금값 MACD 시그널 2일전: 값=-0.0002, SHAP=-0.0319"
2025-06-13,하락/보합,상승,0.48582804,0.51417196,"↓ 원/달러 환율 변화율 3일전: 값=0.0093, SHAP=-0.2003 | ↑ 금값-달러인덱스 상호작용: 값=0.0000, SHAP=+0.1239 | ↑ S&P 500 지수 변화율 3일전: 값=0.0055, SHAP=+0.0412 | ↑ 코스피 200 지수 변화율 3일전: 값=0.0047, SHAP=+0.0326 | ↓ 국제 금 선물 가격 변화율: 값=0.0149, SHAP=-0.0311"
2025-06-16,하락/보합,상승,0.4358275,0.5641725,"↑ 국제 금 선물 가격 변화율: 값=-0.0101, SHAP=+0.1425 | ↑ 금값-달러인덱스 상호작용: 값=0.0000, SHAP=+0.0600 | ↓ 원/달러 환율 변화율: 값=-0.0054, SHAP=-0.0462 | ↑ S&P 500 지수 변화율: 값=0.0094, SHAP=+0.0392 | ↑ 금값 변화율 EMA(5일) 2일전: 값=0.0053, SHAP=+0.0375"
2025-07-01,상승,하락/보합,0.5282689,0.47173113,"↓ 국제 금 선물 가격 변화율 2일전: 값=-0.0179, SHAP=-0.1213 | ↓ 국제 금 선물 가격 변화율: 값=0.0128, SHAP=-0.0405 | ↑ S&P500-KOSPI200 스프레드: 값=-0.0051, SHAP=+0.0338 | ↑ 원/달러 환율 변화율 3일전: 값=-0.0048, SHAP=+0.0328 | ↓ S&P500-KOSPI200 스프레드 2일전: 값=0.0123, SHAP=-0.0325"
2025-07-02,하락/보합,상승,0.4708988,0.5291012,"↑ 금값 MACD 시그널 2일전: 값=-0.0011, SHAP=+0.0402 | ↑ 국제 금 선물 가격 변화율 2일전: 값=0.0063, SHAP=+0.0373 | ↑ S&P500-KOSPI200 스프레드: 값=0.0091, SHAP=+0.0367 | ↑ 달러 인덱스: 값=119.3000, SHAP=+0.0318 | ↓ 국제 금 선물 가격 변화율: 값=0.0034, SHAP=-0.0316"
2025-07-04,하락/보합,상승,0.48637456,0.51362544,"↑ S&P500-KOSPI200 스프레드: 값=0.0195, SHAP=+0.0368 | ↑ 달러 인덱스: 값=119.2400, SHAP=+0.0346 | ↓ 국제 금 선물 가격: 값=3332.5000, SHAP=-0.0299 | ↓ 코스피 200 지수 변화율 2일전: 값=-0.0044, SHAP=-0.0272 | ↑ 국제 금 선물 가격 변화율 2일전: 값=0.0034, SHAP=+0.0270"
2025-07-08,상승,하락/보합,0.55137074,0.4486293,"↓ S&P500-KOSPI200 스프레드: 값=-0.0206, SHAP=-0.1871 | ↓ WTI 서부텍사스유 가격 변화율 1일전: 값=0.0151, SHAP=-0.0355 | ↑ 국제 금 선물 가격 변화율 2일전: 값=0.0003, SHAP=+0.0326 | ↓ 국제 금 선물 가격: 값=3307.0000, SHAP=-0.0304 | ↓ WTI 서부텍사스유 가격: 값=69.5500, SHAP=-0.0276"
2025-07-10,상승,하락/보합,0.56656337,0.43343663,"↓ S&P500-KOSPI200 스프레드: 값=-0.0124, SHAP=-0.1901 | ↓ 국제 금 선물 가격 변화율 2일전: 값=-0.0076, SHAP=-0.0634 | ↓ 국제 금 선물 가격: 값=3317.4000, SHAP=-0.0306 | ↓ WTI 서부텍사스유 가격: 값=67.7800, SHAP=-0.0277 | ↑ 금값-달러인덱스 상호작용 2일전: 값=-0.0000, SHAP=+0.0255"
2025-07-15,상승,하락/보합,0.50938714,0.4906129,"↓ S&P500-KOSPI200 스프레드: 값=-0.0093, SHAP=-0.1403 | ↑ 국제 금 선물 가격 변화율 2일전: 값=0.0116, SHAP=+0.0484 | ↓ 금값-달러인덱스 상호작용 2일전: 값=0.0000, SHAP=-0.0470 | ↓ 금값 MACD 시그널 2일전: 값=-0.0002, SHAP=-0.0350 | ↑ 원/달러 환율 변화율 3일전: 값=-0.0012, SHAP=+0.0314"
2025-07-16,하락/보합,상승,0.4790681,0.5209319,"↑ S&P500-KOSPI200 스프레드: 값=0.0115, SHAP=+0.0432 | ↓ 국제 금 선물 가격 변화율: 값=0.0068, SHAP=-0.0417 | ↑ 코스피 200 지수: 값=431.1600, SHAP=+0.0297 | ↑ 달러 인덱스: 값=120.4200, SHAP=+0.0261 | ↑ S&P 500 지수: 값=6263.7000, SHAP=+0.0238"
2025-07-21,상승,하락/보합,0.5361453,0.4638547,"↓ 국제 금 선물 가격 변화율 2일전: 값=-0.0037, SHAP=-0.0499 | ↓ 국제 금 선물 가격 변화율: 값=0.0146, SHAP=-0.0395 | ↓ 원/달러 환율 변화율: 값=-0.0065, SHAP=-0.0356 | ↓ 코스피 200 지수 변화율 3일전: 값=-0.0083, SHAP=-0.0292 | ↑ S&P 500 지수: 값=6305.6000, SHAP=+0.0282"
2025-07-23,하락/보합,상승,0.39094996,0.60905004,"↑ 국제 금 선물 가격 변화율: 값=-0.0131, SHAP=+0.1448 | ↓ 원/달러 환율 변화율: 값=-0.0045, SHAP=-0.0486 | ↑ 원/달러 환율 변화율 3일전: 값=-0.0005, SHAP=+0.0416 | ↑ 금값-달러인덱스 상호작용: 값=0.0000, SHAP=+0.0371 | ↑ S&P 500 지수: 값=6358.9100, SHAP=+0.0354"
2025-07-24,하락/보합,상승,0.4517069,0.5482931,"↓ 원/달러 환율 변화율: 값=-0.0032, SHAP=-0.0428 | ↑ 원/달러 환율 변화율 3일전: 값=-0.0065, SHAP=+0.0406 | ↓ 원/달러 환율 변화율 1일전: 값=-0.0045, SHAP=-0.0406 | ↑ S&P500-KOSPI200 스프레드: 값=0.0007, SHAP=+0.0403 | ↑ 국제 금 선물 가격 변화율 2일전: 값=0.0110, SHAP=+0.0360"
2025-07-25,하락/보합,상승,0.47517222,0.5248278,"↑ 국제 금 선물 가격 변화율: 값=-0.0110, SHAP=+0.1451 | ↓ 국제 금 선물 가격 변화율 2일전: 값=-0.0131, SHAP=-0.0763 | ↑ S&P500-KOSPI200 스프레드: 값=0.0022, SHAP=+0.0697 | ↑ 코스피 200 지수: 값=430.7800, SHAP=+0.0344 | ↓ 금값 변화율 EMA(5일) 1일전: 값=-0.0019, SHAP=-0.0294"
2025-07-31,상승,하락/보합,0.5146605,0.48533955,"↓ 금값-달러인덱스 상호작용 2일전: 값=0.0000, SHAP=-0.0572 | ↑ S&P500-KOSPI200 스프레드: 값=-0.0009, SHAP=+0.0524 | ↓ WTI 서부텍사스유 가격: 값=70.3600, SHAP=-0.0295 | ↑ 국제 금 선물 가격 변화율 2일전: 값=0.0043, SHAP=+0.0292 | ↓ WTI 서부텍사스유 가격 변화율 2일전: 값=0.0363, SHAP=-0.0290"
2025-08-01,상승,하락/보합,0.5130749,0.48692513,"↑ S&P500-KOSPI200 스프레드: 값=0.0248, SHAP=+0.0572 | ↓ 원/달러 환율 변화율: 값=-0.0056, SHAP=-0.0420 | ↓ 국제 금 선물 가격 변화율 2일전: 값=-0.0083, SHAP=-0.0358 | ↓ 국제 금 선물 가격 변화율: 값=0.0165, SHAP=-0.0339 | ↑ 금값-달러인덱스 상호작용 2일전: 값=-0.0000, SHAP=+0.0296"
2025-08-08,하락/보합,상승,0.48939914,0.51060086,"↓ 국제 금 선물 가격 변화율: 값=0.0114, SHAP=-0.0392 | ↓ 금값-달러인덱스 상호작용 2일전: 값=0.0000, SHAP=-0.0387 | ↑ S&P500-KOSPI200 스프레드: 값=0.0121, SHAP=+0.0374 | ↓ 코스피 200 지수 변화율 2일전: 값=-0.0013, SHAP=-0.0319 | ↑ 코스피 200 지수 변화율 3일전: 값=0.0152, SHAP=+0.0307"
2025-08-11,하락/보합,상승,0.40020156,0.59979844,"↑ 국제 금 선물 가격 변화율: 값=-0.0250, SHAP=+0.1242 | ↑ 원/달러 환율 변화율 3일전: 값=-0.0014, SHAP=+0.0345 | ↑ 국제 금 선물 가격 변화율 2일전: 값=0.0060, SHAP=+0.0317 | ↓ VIX 변동성 지수 변화율: 값=0.0726, SHAP=-0.0298 | ↑ S&P 500 지수: 값=6373.4500, SHAP=+0.0248"
2025-08-14,상승,하락/보합,0.52785665,0.47214335,"↑ S&P500-KOSPI200 스프레드: 값=0.0011, SHAP=+0.0420 | ↑ 달러 인덱스: 값=120.6400, SHAP=+0.0384 | ↓ 원/달러 환율 변화율 1일전: 값=-0.0047, SHAP=-0.0349 | ↓ 코스피 200 지수 변화율 2일전: 값=-0.0038, SHAP=-0.0319 | ↓ S&P500-KOSPI200 스프레드 2일전: 값=0.0152, SHAP=-0.0283"
2025-08-19,상승,하락/보합,0.54194534,0.45805466,"↓ 원/달러 환율 변화율 3일전: 값=0.0085, SHAP=-0.1815 | ↑ S&P500-KOSPI200 스프레드: 값=0.0012, SHAP=+0.0520 | ↑ 금값 변화율 SMA(20일이동평균): 값=-0.0018, SHAP=+0.0375 | ↓ WTI 서부텍사스유 가격 변화율: 값=-0.0175, SHAP=-0.0336 | ↓ 금값 변화율 EMA(5일) 1일전: 값=-0.0018, SHAP=-0.0323"
2025-08-20,하락/보합,상승,0.47511488,0.5248851,"↑ S&P500-KOSPI200 스프레드: 값=0.0035, SHAP=+0.0431 | ↓ 국제 금 선물 가격 변화율: 값=0.0091, SHAP=-0.0365 | ↑ 원/달러 환율 변화율 3일전: 값=-0.0020, SHAP=+0.0356 | ↑ 달러 인덱스: 값=120.7800, SHAP=+0.0291 | ↑ 코스피 200 지수 변화율 2일전: 값=-0.0169, SHAP=+0.0259"
2025-08-21,상승,하락/보합,0.51164377,0.4883562,"↓ 국제 금 선물 가격 변화율 2일전: 값=-0.0055, SHAP=-0.0482 | ↓ WTI 서부텍사스유 가격 변화율 1일전: 값=0.0128, SHAP=-0.0333 | ↓ S&P 500 지수 변화율: 값=-0.0040, SHAP=-0.0277 | ↑ 달러 인덱스: 값=121.0800, SHAP=+0.0251 | ↓ 코스피 200 지수 변화율 3일전: 값=-0.0169, SHAP=-0.0248"
2025-08-25,상승,하락/보합,0.5347032,0.4652968,"↓ S&P500-KOSPI200 스프레드: 값=-0.0168, SHAP=-0.1320 | ↑ S&P 500 지수 변화율 1일전: 값=0.0152, SHAP=+0.0327 | ↓ 원/달러 환율 변화율 1일전: 값=-0.0144, SHAP=-0.0303 | ↑ 달러 인덱스: 값=120.4200, SHAP=+0.0285 | ↓ 국제 금 선물 가격: 값=3373.8000, SHAP=-0.0275"
2025-08-29,상승,하락/보합,0.50033057,0.4996694,"↓ 금값-달러인덱스 상호작용 2일전: 값=0.0000, SHAP=-0.0486 | ↓ 국제 금 선물 가격 변화율: 값=0.0122, SHAP=-0.0357 | ↑ S&P500-KOSPI200 스프레드: 값=-0.0025, SHAP=+0.0334 | ↓ 코스피 200 지수 변화율 3일전: 값=-0.0103, SHAP=-0.0311 | ↑ 국제 금 선물 가격 변화율 2일전: 값=0.0047, SHAP=+0.0300"
2025-09-03,하락/보합,상승,0.43470132,0.5652987,"↑ S&P500-KOSPI200 스프레드: 값=-0.0001, SHAP=+0.0492 | ↑ 원/달러 환율 변화율 3일전: 값=-0.0069, SHAP=+0.0412 | ↓ 원/달러 환율 변화율: 값=-0.0040, SHAP=-0.0408 | ↑ 금값 변화율 EMA(5일) 2일전: 값=0.0075, SHAP=+0.0366 | ↑ 코스피 200 지수: 값=430.3700, SHAP=+0.0309"
2025-09-10,하락/보합,상승,0.44283533,0.55716467,"↓ S&P500-KOSPI200 스프레드: 값=-0.0169, SHAP=-0.0968 | ↑ 국제 금 선물 가격 변화율 2일전: 값=0.0069, SHAP=+0.0515 | ↑ 원/달러 환율 변화율 3일전: 값=-0.0068, SHAP=+0.0473 | ↑ 금값 RSI(14일) 2일전: 값=87.2099, SHAP=+0.0425 | ↑ 금값 변화율 EMA(5일) 2일전: 값=0.0078, SHAP=+0.0350"
2025-09-17,하락/보합,상승,0.49148458,0.5085154,"↓ 원/달러 환율 변화율: 값=-0.0043, SHAP=-0.0470 | ↑ 국제 금 선물 가격 변화율 2일전: 값=0.0090, SHAP=+0.0369 | ↑ 코스피 200 지수: 값=466.9900, SHAP=+0.0313 | ↑ 코스피 200 지수 변화율 3일전: 값=0.0193, SHAP=+0.0288 | ↑ 금값-달러인덱스 상호작용 2일전: 값=-0.0000, SHAP=+0.0288"
2025-09-26,상승,하락/보합,0.50695276,0.49304724,"↓ 국제 금 선물 가격 변화율 2일전: 값=-0.0128, SHAP=-0.0674 | ↑ S&P500-KOSPI200 스프레드: 값=0.0321, SHAP=+0.0431 | ↑ 코스피 200 지수: 값=468.0300, SHAP=+0.0376 | ↓ 국제 금 선물 가격 변화율: 값=0.0103, SHAP=-0.0358 | ↓ 코스피 200 지수 변화율 2일전: 값=-0.0024, SHAP=-0.0352"
2025-09-29,상승,하락/보합,0.5873585,0.41264153,"↓ 원/달러 환율 변화율 3일전: 값=0.0075, SHAP=-0.1350 | ↓ S&P500-KOSPI200 스프레드: 값=-0.0127, SHAP=-0.1069 | ↓ 금값-달러인덱스 상호작용 2일전: 값=0.0000, SHAP=-0.0476 | ↓ WTI 서부텍사스유 가격 변화율: 값=-0.0335, SHAP=-0.0455 | ↑ 금값 변화율 EMA(5일) 1일전: 값=0.0042, SHAP=+0.0435"
2025-09-30,상승,하락/보합,0.506966,0.49303398,"↓ WTI 서부텍사스유 가격 변화율: 값=-0.0171, SHAP=-0.0420 | ↓ 금값 변화율 SMA(20일이동평균): 값=0.0040, SHAP=-0.0384 | ↑ 국제 금 선물 가격 변화율 2일전: 값=0.0103, SHAP=+0.0350 | ↓ 국제 금 선물 가격 변화율: 값=0.0052, SHAP=-0.0329 | ↓ 원/달러 환율 변화율 1일전: 값=-0.0073, SHAP=-0.0318"
2025-10-01,하락/보합,상승,0.4468441,0.5531559,"↑ S&P500-KOSPI200 스프레드: 값=-0.0079, SHAP=+0.0392 | ↓ 국제 금 선물 가격 변화율: 값=0.0070, SHAP=-0.0348 | ↓ 코스피 200 지수 변화율 3일전: 값=-0.0262, SHAP=-0.0332 | ↑ 국제 금 선물 가격 변화율 2일전: 값=0.0121, SHAP=+0.0300 | ↑ 금값-달러인덱스 상호작용 2일전: 값=-0.0000, SHAP=+0.0294"
2025-10-02,상승,하락/보합,0.5217837,0.4782163,"↓ S&P500-KOSPI200 스프레드: 값=-0.0287, SHAP=-0.1149 | ↑ 국제 금 선물 가격 변화율 2일전: 값=0.0052, SHAP=+0.0452 | ↑ 원/달러 환율 변화율 3일전: 값=-0.0073, SHAP=+0.0417 | ↓ WTI 서부텍사스유 가격 변화율: 값=-0.0209, SHAP=-0.0405 | ↓ 금값-달러인덱스 상호작용 2일전: 값=0.0000, SHAP=-0.0332"
2025-10-08,하락/보합,상승,0.41116428,0.5888357,"↑ 금값-달러인덱스 상호작용: 값=0.0000, SHAP=+0.1916 | ↓ 금값-달러인덱스 상호작용 2일전: 값=0.0000, SHAP=-0.0542 | ↓ 국제 금 선물 가격 변화율: 값=0.0168, SHAP=-0.0427 | ↑ 원/달러 환율 변화율 3일전: 값=-0.0004, SHAP=+0.0342 | ↑ S&P500-KOSPI200 스프레드: 값=0.0058, SHAP=+0.0302"
2025-10-10,상승,하락/보합,0.5033469,0.4966531,"↓ S&P500-KOSPI200 스프레드: 값=-0.0546, SHAP=-0.0929 | ↓ 금값-달러인덱스 상호작용 2일전: 값=0.0000, SHAP=-0.0614 | ↑ 금값 RSI(14일) 2일전: 값=86.1953, SHAP=+0.0570 | ↓ WTI 서부텍사스유 가격 변화율: 값=-0.0419, SHAP=-0.0512 | ↑ 국제 금 선물 가격 변화율 2일전: 값=0.0168, SHAP=+0.0364"
2025-10-13,상승,하락/보합,0.5518949,0.4481051,"↓ 원/달러 환율 변화율 3일전: 값=0.0078, SHAP=-0.1812 | ↓ 국제 금 선물 가격 변화율 2일전: 값=-0.0240, SHAP=-0.0715 | ↑ S&P 500 지수 변화율: 값=0.0156, SHAP=+0.0587 | ↓ 금값 변화율 SMA(20일이동평균): 값=0.0056, SHAP=-0.0480 | ↑ S&P500-KOSPI200 스프레드: 값=0.0257, SHAP=+0.0464"
2025-10-15,상승,하락/보합,0.50900865,0.49099135,"↓ S&P500-KOSPI200 스프레드: 값=-0.0235, SHAP=-0.0961 | ↑ 국제 금 선물 가격 변화율 2일전: 값=0.0334, SHAP=+0.0486 | ↓ 원/달러 환율 변화율: 값=-0.0047, SHAP=-0.0465 | ↓ 금값 변동성(20일표준편차): 값=0.0126, SHAP=-0.0453 | ↓ 금값 변화율 SMA(20일이동평균): 값=0.0064, SHAP=-0.0390"
2025-10-20,하락/보합,상승,0.40266865,0.59733135,"↑ 금값 RSI(14일) 2일전: 값=83.5574, SHAP=+0.0595 | ↑ S&P 500 지수 변화율: 값=0.0107, SHAP=+0.0505 | ↑ 원/달러 환율 변화율 3일전: 값=-0.0047, SHAP=+0.0426 | ↓ 금값 변동성(20일표준편차): 값=0.0153, SHAP=-0.0377 | ↑ 국제 금 선물 가격 변화율 2일전: 값=0.0247, SHAP=+0.0374"
2025-10-21,하락/보합,상승,0.44182009,0.5581799,"↑ 국제 금 선물 가격 변화율: 값=-0.0574, SHAP=+0.1227 | ↓ 국제 금 선물 가격 변화율 2일전: 값=-0.0211, SHAP=-0.0789 | ↑ 원/달러 환율 변화율 3일전: 값=-0.0050, SHAP=+0.0486 | ↑ S&P500-KOSPI200 스프레드: 값=0.0000, SHAP=+0.0478 | ↑ 금값 변화율 EMA(5일): 값=-0.0100, SHAP=+0.0463"
2025-10-27,하락/보합,상승,0.39393574,0.60606426,"↑ 금값-달러인덱스 상호작용: 값=0.0000, SHAP=+0.1727 | ↑ 국제 금 선물 가격 변화율: 값=-0.0283, SHAP=+0.1603 | ↓ S&P500-KOSPI200 스프레드: 값=-0.0162, SHAP=-0.1017 | ↑ S&P 500 지수 변화율: 값=0.0123, SHAP=+0.0582 | ↑ 국제 금 선물 가격 변화율 2일전: 값=0.0201, SHAP=+0.0408"
2025-10-29,상승,하락/보합,0.6107902,0.3892098,"↓ S&P500-KOSPI200 스프레드: 값=-0.0215, SHAP=-0.2139 | ↓ 국제 금 선물 가격 변화율 2일전: 값=-0.0283, SHAP=-0.1565 | ↓ 금값-달러인덱스 상호작용 2일전: 값=0.0000, SHAP=-0.0430 | ↓ 국제 금 선물 가격 변화율: 값=0.0044, SHAP=-0.0326 | ↓ 금값 변화율 EMA(5일) 1일전: 값=-0.0095, SHAP=-0.0313"
2025-10-30,하락/보합,상승,0.49885434,0.50114566,"↑ 금값-달러인덱스 상호작용: 값=0.0000, SHAP=+0.2665 | ↓ S&P500-KOSPI200 스프레드: 값=-0.0164, SHAP=-0.1813 | ↓ 국제 금 선물 가격 변화율 2일전: 값=-0.0089, SHAP=-0.1158 | ↑ 원/달러 환율 변화율 3일전: 값=-0.0039, SHAP=+0.0365 | ↑ 코스피 200 지수 변화율 2일전: 값=-0.0109, SHAP=+0.0360"
2025-11-05,하락/보합,상승,0.4929036,0.5070964,"↓ 국제 금 선물 가격 변화율: 값=0.0083, SHAP=-0.0565 | ↑ S&P500-KOSPI200 스프레드: 값=0.0321, SHAP=+0.0512 | ↑ 금값 MACD 시그널 2일전: 값=-0.0022, SHAP=+0.0475 | ↓ WTI 서부텍사스유 가격 변화율: 값=-0.0160, SHAP=-0.0433 | ↓ 금값 변동성(20일표준편차): 값=0.0220, SHAP=-0.0408"
2025-11-06,상승,하락/보합,0.58345467,0.41654533,"↓ S&P500-KOSPI200 스프레드: 값=-0.0164, SHAP=-0.2063 | ↓ 국제 금 선물 가격 변화율 2일전: 값=-0.0131, SHAP=-0.1460 | ↓ 금값 변동성(20일표준편차): 값=0.0213, SHAP=-0.0389 | ↑ WTI 서부텍사스유 가격 변화율 1일전: 값=-0.0160, SHAP=+0.0384 | ↓ 국제 금 선물 가격: 값=3979.9000, SHAP=-0.0350"
2025-11-07,상승,하락/보합,0.51391417,0.48608583,"↑ 국제 금 선물 가격 변화율 2일전: 값=0.0083, SHAP=+0.0568 | ↑ 금값 MACD 시그널 2일전: 값=-0.0021, SHAP=+0.0485 | ↑ S&P500-KOSPI200 스프레드: 값=0.0196, SHAP=+0.0461 | ↓ 금값 변동성(20일표준편차): 값=0.0212, SHAP=-0.0350 | ↓ 국제 금 선물 가격 변화율: 값=0.0049, SHAP=-0.0345"
2025-11-12,하락/보합,상승,0.49726874,0.50273126,"↓ 원/달러 환율 변화율 3일전: 값=0.0081, SHAP=-0.1761 | ↑ 금값 RSI(14일) 3일전: 값=27.1664, SHAP=+0.0491 | ↑ 금값 MACD 시그널 2일전: 값=-0.0010, SHAP=+0.0439 | ↓ 코스피 200 지수 변화율 3일전: 값=-0.0183, SHAP=-0.0398 | ↑ 국제 금 선물 가격 변화율 2일전: 값=0.0281, SHAP=+0.0386"
2025-11-13,하락/보합,상승,0.45381778,0.5461822,"↓ S&P500-KOSPI200 스프레드: 값=-0.0198, SHAP=-0.1308 | ↑ 국제 금 선물 가격 변화율 2일전: 값=-0.0012, SHAP=+0.0450 | ↓ 금값 변동성(20일표준편차): 값=0.0206, SHAP=-0.0412 | ↑ 원/달러 환율 변화율 3일전: 값=-0.0032, SHAP=+0.0376 | ↑ 코스피 200 지수 변화율 3일전: 값=0.0311, SHAP=+0.0293"
2025-11-14,하락/보합,상승,0.39364415,0.60635585,"↑ 국제 금 선물 가격 변화율: 값=-0.0237, SHAP=+0.1665 | ↑ S&P500-KOSPI200 스프레드: 값=0.0423, SHAP=+0.0445 | ↓ 원/달러 환율 변화율: 값=-0.0083, SHAP=-0.0416 | ↑ 달러 인덱스: 값=120.9700, SHAP=+0.0395 | ↑ 국제 금 선물 가격 변화율 2일전: 값=0.0238, SHAP=+0.0361"
2025-11-19,하락/보합,상승,0.451375,0.548625,"↑ S&P500-KOSPI200 스프레드: 값=0.0106, SHAP=+0.0664 | ↓ 금값 변동성(20일표준편차): 값=0.0138, SHAP=-0.0409 | ↑ 원/달러 환율 변화율 3일전: 값=-0.0083, SHAP=+0.0387 | ↑ S&P500-KOSPI200 스프레드 1일전: 값=0.0268, SHAP=+0.0372 | ↑ 코스피 200 지수 변화율 2일전: 값=0.0235, SHAP=+0.0304"
2025-11-20,상승,하락/보합,0.5128443,0.48715565,"↓ S&P500-KOSPI200 스프레드: 값=-0.0364, SHAP=-0.1492 | ↑ WTI 서부텍사스유 가격 변화율 1일전: 값=-0.0202, SHAP=+0.0317 | ↓ 국제 금 선물 가격: 값=4056.5000, SHAP=-0.0300 | ↑ 금값 변화율 EMA(5일): 값=-0.0022, SHAP=+0.0291 | ↓ S&P500-KOSPI200 스프레드 2일전: 값=0.0268, SHAP=-0.0289"
2025-11-25,상승,하락/보합,0.505597,0.494403,"↓ 금값-달러인덱스 상호작용 2일전: 값=0.0000, SHAP=-0.0588 | ↓ WTI 서부텍사스유 가격 변화율: 값=-0.0145, SHAP=-0.0458 | ↓ 원/달러 환율 변화율: 값=-0.0054, SHAP=-0.0434 | ↑ S&P 500 지수 변화율: 값=0.0091, SHAP=+0.0419 | ↑ S&P500-KOSPI200 스프레드: 값=0.0020, SHAP=+0.0408"
2025-11-26,상승,하락/보합,0.54918057,0.45081943,"↓ S&P500-KOSPI200 스프레드: 값=-0.0202, SHAP=-0.1660 | ↓ 코스피 200 지수 변화율 3일전: 값=-0.0423, SHAP=-0.0505 | ↑ VIX 변동성 지수 변화율 3일전: 값=-0.1132, SHAP=+0.0423 | ↓ 국제 금 선물 가격 변화율: 값=0.0063, SHAP=-0.0396 | ↑ 국제 금 선물 가격 변화율 2일전: 값=0.0037, SHAP=+0.0375"
2025-12-01,하락/보합,상승,0.42225122,0.5777488,"↑ 원/달러 환율 변화율 3일전: 값=-0.0054, SHAP=+0.0387 | ↑ 국제 금 선물 가격 변화율 2일전: 값=0.0063, SHAP=+0.0314 | ↑ 금값-달러인덱스 상호작용 2일전: 값=-0.0000, SHAP=+0.0297 | ↑ 금값 변화율 EMA(5일) 2일전: 값=0.0053, SHAP=+0.0288 | ↑ 코스피 200 지수 변화율 2일전: 값=0.0271, SHAP=+0.0276"
2025-12-08,상승,하락/보합,0.5153671,0.4846329,"↓ S&P500-KOSPI200 스프레드: 값=-0.0179, SHAP=-0.1373 | ↑ 원/달러 환율 변화율 3일전: 값=-0.0022, SHAP=+0.0437 | ↑ 국제 금 선물 가격 변화율 2일전: 값=0.0030, SHAP=+0.0392 | ↓ 코스피 200 지수 변화율 2일전: 값=-0.0018, SHAP=-0.0332 | ↓ WTI 서부텍사스유 가격 변화율: 값=-0.0198, SHAP=-0.0330"
2025-12-09,하락/보합,상승,0.46672636,0.53327364,"↑ S&P500-KOSPI200 스프레드: 값=0.0049, SHAP=+0.0410 | ↑ 코스피 200 지수: 값=585.7600, SHAP=+0.0274 | ↑ S&P 500 지수: 값=6840.5100, SHAP=+0.0269 | ↓ 국제 금 선물 가격 변화율: 값=0.0047, SHAP=-0.0257 | ↑ 코스피 200 지수 변화율 2일전: 값=0.0194, SHAP=+0.0250"
2025-12-12,상승,하락/보합,0.5440263,0.45597368,"↓ S&P500-KOSPI200 스프레드: 값=-0.0241, SHAP=-0.1341 | ↑ WTI 서부텍사스유 가격 변화율 1일전: 값=-0.0155, SHAP=+0.0256 | ↓ 국제 금 선물 가격: 값=4300.1000, SHAP=-0.0255 | ↓ 코스피 200 지수 변화율 3일전: 값=-0.0058, SHAP=-0.0252 | ↑ 달러 인덱스: 값=120.1400, SHAP=+0.0225"
2025-12-15,하락/보합,상승,0.47932088,0.5206791,"↓ 원/달러 환율 변화율: 값=-0.0062, SHAP=-0.0404 | ↑ 금값 변화율 EMA(5일) 2일전: 값=0.0069, SHAP=+0.0370 | ↑ 국제 금 선물 가격 변화율 2일전: 값=0.0212, SHAP=+0.0350 | ↑ 코스피 200 지수: 값=574.4900, SHAP=+0.0295 | ↓ S&P500-KOSPI200 스프레드 2일전: 값=0.0112, SHAP=-0.0290"
2025-12-17,하락/보합,상승,0.42480576,0.57519424,"↑ 금값-달러인덱스 상호작용: 값=0.0000, SHAP=+0.1627 | ↓ S&P500-KOSPI200 스프레드: 값=-0.0314, SHAP=-0.0788 | ↑ 코스피 200 지수 변화율 3일전: 값=0.0134, SHAP=+0.0547 | ↑ 국제 금 선물 가격 변화율 2일전: 값=0.0015, SHAP=+0.0397 | ↓ 코스피 200 지수 변화율 1일전: 값=-0.0226, SHAP=-0.0361"
2025-12-22,상승,하락/보합,0.51679385,0.48320612,"↓ S&P500-KOSPI200 스프레드: 값=-0.0188, SHAP=-0.1281 | ↓ 금값-달러인덱스 상호작용 2일전: 값=0.0000, SHAP=-0.0398 | ↑ 금값 변화율 EMA(5일) 1일전: 값=0.0036, SHAP=+0.0384 | ↓ 국제 금 선물 가격 변화율: 값=0.0191, SHAP=-0.0319 | ↓ 금값 변화율 SMA(20일이동평균): 값=0.0044, SHAP=-0.0313"
2025-12-23,하락/보합,상승,0.47898114,0.52101886,"↑ S&P500-KOSPI200 스프레드: 값=0.0013, SHAP=+0.0486 | ↓ 국제 금 선물 가격 변화율: 값=0.0086, SHAP=-0.0429 | ↓ 금값-달러인덱스 상호작용 2일전: 값=0.0000, SHAP=-0.0396 | ↑ 원/달러 환율 변화율 3일전: 값=-0.0012, SHAP=+0.0375 | ↑ 코스피 200 지수: 값=584.6400, SHAP=+0.0316"
2025-12-26,하락/보합,상승,0.4676473,0.5323527,"↓ S&P500-KOSPI200 스프레드: 값=-0.0104, SHAP=-0.1025 | ↑ 금값 RSI(14일) 2일전: 값=87.5682, SHAP=+0.0594 | ↑ 국제 금 선물 가격 변화율 2일전: 값=0.0086, SHAP=+0.0408 | ↑ 금값 변화율 EMA(5일) 2일전: 값=0.0087, SHAP=+0.0380 | ↓ 국제 금 선물 가격 변화율: 값=0.0108, SHAP=-0.0324"
2025-12-30,하락/보합,상승,0.46931714,0.53068286,"↓ 국제 금 선물 가격 변화율: 값=0.0104, SHAP=-0.0447 | ↓ 금값-달러인덱스 상호작용 2일전: 값=0.0000, SHAP=-0.0384 | ↑ 국제 금 선물 가격 변화율 2일전: 값=0.0108, SHAP=+0.0383 | ↑ 원/달러 환율 변화율 3일전: 값=-0.0255, SHAP=+0.0352 | ↑ 금값 RSI(14일) 2일전: 값=88.1043, SHAP=+0.0343"
2025-12-31,하락/보합,상승,0.48204094,0.51795906,"↑ 국제 금 선물 가격 변화율: 값=-0.0102, SHAP=+0.0899 | ↓ 국제 금 선물 가격 변화율 2일전: 값=-0.0450, SHAP=-0.0717 | ↓ S&P 500 지수 변화율: 값=-0.0074, SHAP=-0.0431 | ↑ 원/달러 환율 변화율 3일전: 값=-0.0017, SHAP=+0.0398 | ↑ 달러 인덱스: 값=119.7500, SHAP=+0.0335"
2026-01-05,상승,하락/보합,0.5693884,0.43061158,"↓ S&P500-KOSPI200 스프레드: 값=-0.0330, SHAP=-0.1825 | ↓ 국제 금 선물 가격 변화율 2일전: 값=-0.0102, SHAP=-0.1177 | ↓ 금값 변동성(20일표준편차): 값=0.0147, SHAP=-0.0383 | ↑ 달러 인덱스: 값=119.6200, SHAP=+0.0382 | ↑ S&P500-KOSPI200 스프레드 2일전: 값=-0.0074, SHAP=+0.0319"
2026-01-07,상승,하락/보합,0.5171905,0.48280948,"↓ S&P500-KOSPI200 스프레드: 값=-0.0111, SHAP=-0.1283 | ↑ 국제 금 선물 가격 변화율 2일전: 값=0.0284, SHAP=+0.0462 | ↓ 금값 변화율 EMA(5일): 값=0.0027, SHAP=-0.0358 | ↓ 금값 변동성(20일표준편차): 값=0.0149, SHAP=-0.0344 | ↓ 금값-달러인덱스 상호작용 2일전: 값=0.0000, SHAP=-0.0320"
2026-01-13,상승,하락/보합,0.52518094,0.4748191,"↓ S&P500-KOSPI200 스프레드: 값=-0.0136, SHAP=-0.1273 | ↑ 국제 금 선물 가격 변화율 2일전: 값=0.0091, SHAP=+0.0568 | ↓ 금값-달러인덱스 상호작용 2일전: 값=0.0000, SHAP=-0.0463 | ↓ 금값 변동성(20일표준편차): 값=0.0152, SHAP=-0.0377 | ↑ 달러 인덱스: 값=120.1400, SHAP=+0.0289"
2026-01-29,하락/보합,상승,0.49266106,0.50733894,"↓ S&P500-KOSPI200 스프레드: 값=-0.0103, SHAP=-0.1208 | ↓ 금값-달러인덱스 상호작용 3일전: 값=-0.0001, SHAP=-0.0522 | ↑ 원/달러 환율 변화율 3일전: 값=-0.0146, SHAP=+0.0441 | ↑ 국제 금 선물 가격 변화율 2일전: 값=0.0000, SHAP=+0.0418 | ↓ 금값 변동성(20일표준편차): 값=0.0151, SHAP=-0.0414"
2026-01-30,하락/보합,상승,0.41963744,0.58036256,"↑ 국제 금 선물 가격 변화율: 값=-0.1137, SHAP=+0.1192 | ↓ S&P500-KOSPI200 스프레드: 값=-0.0080, SHAP=-0.0564 | ↑ 금값 RSI(14일) 2일전: 값=94.2804, SHAP=+0.0556 | ↓ 금값-달러인덱스 상호작용 2일전: 값=0.0000, SHAP=-0.0525 | ↑ 국제 금 선물 가격 변화율 2일전: 값=0.0436, SHAP=+0.0434"
2026-02-03,상승,하락/보합,0.62080115,0.37919885,"↓ S&P500-KOSPI200 스프레드: 값=-0.0829, SHAP=-0.2181 | ↓ 국제 금 선물 가격 변화율 2일전: 값=-0.1137, SHAP=-0.1153 | ↓ 금값 변동성(20일표준편차): 값=0.0339, SHAP=-0.0431 | ↓ 금값 변화율 EMA(5일): 값=0.0038, SHAP=-0.0380 | ↓ 국제 금 선물 가격 변화율: 값=0.0608, SHAP=-0.0318"
2026-02-11,하락/보합,상승,0.4893477,0.5106523,"↓ S&P500-KOSPI200 스프레드: 값=-0.0103, SHAP=-0.1192 | ↑ 국제 금 선물 가격 변화율 2일전: 값=0.0201, SHAP=+0.0502 | ↓ 코스피 200 지수 변화율 3일전: 값=-0.0117, SHAP=-0.0399 | ↓ 금값 변동성(20일표준편차): 값=0.0341, SHAP=-0.0361 | ↑ 금값 변화율 EMA(5일) 2일전: 값=0.0101, SHAP=+0.0322"
2026-02-12,상승,하락/보합,0.5766488,0.42335123,"↓ S&P500-KOSPI200 스프레드: 값=-0.0506, SHAP=-0.1845 | ↑ 국제 금 선물 가격 변화율: 값=-0.0292, SHAP=+0.0996 | ↓ 국제 금 선물 가격 변화율 2일전: 값=-0.0093, SHAP=-0.0985 | ↓ 금값-달러인덱스 상호작용 2일전: 값=0.0000, SHAP=-0.0586 | ↓ 원/달러 환율 변화율: 값=-0.0049, SHAP=-0.0509"
2026-02-13,하락/보합,상승,0.47777212,0.5222279,"↑ 국제 금 선물 가격 변화율 2일전: 값=0.0135, SHAP=+0.0410 | ↓ 금값 변동성(20일표준편차): 값=0.0351, SHAP=-0.0401 | ↑ 원/달러 환율 변화율 3일전: 값=-0.0009, SHAP=+0.0384 | ↓ 국제 금 선물 가격 변화율: 값=0.0200, SHAP=-0.0361 | ↓ 원/달러 환율 변화율 1일전: 값=-0.0049, SHAP=-0.0360"
2026-02-18,하락/보합,상승,0.44857657,0.55142343,"↑ 금값-달러인덱스 상호작용: 값=0.0000, SHAP=+0.0609 | ↑ 금값 MACD 시그널 2일전: 값=-0.0007, SHAP=+0.0445 | ↓ 국제 금 선물 가격 변화율: 값=0.0212, SHAP=-0.0436 | ↑ 원/달러 환율 변화율 3일전: 값=-0.0049, SHAP=+0.0428 | ↑ S&P500-KOSPI200 스프레드: 값=0.0056, SHAP=+0.0385"
2026-02-19,상승,하락/보합,0.62640345,0.37359652,"↓ S&P500-KOSPI200 스프레드: 값=-0.0343, SHAP=-0.1870 | ↓ 국제 금 선물 가격 변화율 2일전: 값=-0.0277, SHAP=-0.1790 | ↓ WTI 서부텍사스유 가격 변화율 1일전: 값=0.0448, SHAP=-0.0493 | ↓ 금값 변동성(20일표준편차): 값=0.0351, SHAP=-0.0342 | ↑ 달러 인덱스: 값=118.2400, SHAP=+0.0287"
2026-02-20,상승,하락/보합,0.52247983,0.47752017,"↓ S&P500-KOSPI200 스프레드: 값=-0.0161, SHAP=-0.1066 | ↑ 국제 금 선물 가격 변화율 2일전: 값=0.0212, SHAP=+0.0614 | ↓ 금값-달러인덱스 상호작용 2일전: 값=0.0000, SHAP=-0.0565 | ↓ 금값 변동성(20일표준편차): 값=0.0351, SHAP=-0.0405 | ↓ 국제 금 선물 가격 변화율: 값=0.0168, SHAP=-0.0402"
2026-02-23,하락/보합,상승,0.48865974,0.51134026,"↓ S&P500-KOSPI200 스프레드: 값=-0.0172, SHAP=-0.1411 | ↑ 금값 MACD 시그널 2일전: 값=-0.0011, SHAP=+0.0489 | ↓ 금값 변동성(20일표준편차): 값=0.0355, SHAP=-0.0362 | ↑ 국제 금 선물 가격 변화율 2일전: 값=-0.0021, SHAP=+0.0347 | ↑ 금값-달러인덱스 상호작용 2일전: 값=-0.0000, SHAP=+0.0299"
2026-02-25,하락/보합,상승,0.4235288,0.5764712,"↓ S&P500-KOSPI200 스프레드: 값=-0.0110, SHAP=-0.1121 | ↑ S&P 500 지수 변화율: 값=0.0081, SHAP=+0.0539 | ↑ 국제 금 선물 가격 변화율 2일전: 값=0.0287, SHAP=+0.0468 | ↑ 원/달러 환율 변화율 3일전: 값=-0.0028, SHAP=+0.0450 | ↓ 금값 변동성(20일표준편차): 값=0.0354, SHAP=-0.0385"
2026-02-26,상승,하락/보합,0.56675935,0.43324065,"↓ S&P500-KOSPI200 스프레드: 값=-0.0498, SHAP=-0.1791 | ↓ 국제 금 선물 가격 변화율 2일전: 값=-0.0094, SHAP=-0.1078 | ↑ 원/달러 환율 변화율 3일전: 값=-0.0023, SHAP=+0.0418 | ↓ 금값 변동성(20일표준편차): 값=0.0340, SHAP=-0.0361 | ↓ 원/달러 환율 변화율 1일전: 값=-0.0093, SHAP=-0.0344"
2026-03-02,하락/보합,상승,0.38770187,0.61229813,"↑ 금값-달러인덱스 상호작용: 값=0.0001, SHAP=+0.2226 | ↑ S&P500-KOSPI200 스프레드: 값=0.0004, SHAP=+0.0596 | ↓ 국제 금 선물 가격 변화율 2일전: 값=-0.0057, SHAP=-0.0492 | ↓ 국제 금 선물 가격 변화율: 값=0.0122, SHAP=-0.0420 | ↑ 원/달러 환율 변화율 3일전: 값=-0.0093, SHAP=+0.0381"
2026-03-04,하락/보합,상승,0.48771673,0.51228327,"↑ S&P500-KOSPI200 스프레드: 값=0.1272, SHAP=+0.0499 | ↑ 코스피 200 지수: 값=756.7900, SHAP=+0.0408 | ↑ 금값 변화율 EMA(5일): 값=-0.0036, SHAP=+0.0374 | ↑ S&P500-KOSPI200 스프레드 1일전: 값=0.0698, SHAP=+0.0372 | ↓ 금값-달러인덱스 상호작용 2일전: 값=0.0001, SHAP=-0.0348"
2026-03-05,상승,하락/보합,0.5751812,0.4248188,"↓ S&P500-KOSPI200 스프레드: 값=-0.1040, SHAP=-0.1817 | ↓ 국제 금 선물 가격 변화율 2일전: 값=-0.0353, SHAP=-0.1137 | ↑ 국제 금 선물 가격 변화율: 값=-0.0107, SHAP=+0.1001 | ↓ S&P 500 지수 변화율: 값=-0.0056, SHAP=-0.0405 | ↑ 금값 변화율 EMA(5일): 값=-0.0060, SHAP=+0.0404"
2026-03-12,하락/보합,상승,0.40476263,0.5952374,"↑ 국제 금 선물 가격 변화율: 값=-0.0100, SHAP=+0.1053 | ↑ 금값 MACD 시그널 2일전: 값=-0.0008, SHAP=+0.0441 | ↑ 국제 금 선물 가격 변화율 2일전: 값=0.0271, SHAP=+0.0403 | ↓ VIX 변동성 지수 변화율: 값=0.1263, SHAP=-0.0399 | ↑ 원/달러 환율 변화율 3일전: 값=-0.0033, SHAP=+0.0367"
2026-03-13,하락/보합,상승,0.48625863,0.5137414,"↑ 국제 금 선물 가격 변화율: 값=-0.0124, SHAP=+0.1170 | ↓ 국제 금 선물 가격 변화율 2일전: 값=-0.0119, SHAP=-0.1117 | ↑ S&P500-KOSPI200 스프레드: 값=0.0116, SHAP=+0.0772 | ↓ 금값-달러인덱스 상호작용 3일전: 값=-0.0002, SHAP=-0.0715 | ↓ S&P 500 지수 변화율: 값=-0.0061, SHAP=-0.0417"
2026-03-19,하락/보합,상승,0.39279407,0.6072059,"↑ 국제 금 선물 가격 변화율: 값=-0.0591, SHAP=+0.1564 | ↑ S&P500-KOSPI200 스프레드: 값=0.0267, SHAP=+0.0613 | ↑ 원/달러 환율 변화율 3일전: 값=-0.0039, SHAP=+0.0421 | ↑ 금값 변화율 SMA(20일이동평균): 값=-0.0037, SHAP=+0.0326 | ↑ 코스피 200 지수: 값=862.3700, SHAP=+0.0318"
2026-03-24,상승,하락/보합,0.54769397,0.45230603,"↓ S&P500-KOSPI200 스프레드: 값=-0.0320, SHAP=-0.2076 | ↓ 국제 금 선물 가격 변화율 2일전: 값=-0.0066, SHAP=-0.1126 | ↑ 금값 RSI(14일) 2일전: 값=19.7949, SHAP=+0.0808 | ↑ 금값 변화율 EMA(5일): 값=-0.0174, SHAP=+0.0372 | ↓ 코스피 200 지수 변화율 3일전: 값=-0.0295, SHAP=-0.0363"
2026-03-27,상승,하락/보합,0.5527382,0.4472618,"↓ S&P500-KOSPI200 스프레드: 값=-0.0121, SHAP=-0.1726 | ↑ 금값-달러인덱스 상호작용: 값=0.0001, SHAP=+0.1078 | ↓ WTI 서부텍사스유 가격: 값=101.2600, SHAP=-0.0657 | ↑ 국제 금 선물 가격 변화율 2일전: 값=0.0342, SHAP=+0.0464 | ↑ 금값 MACD 시그널 2일전: 값=-0.0043, SHAP=+0.0435"
2026-03-31,상승,하락/보합,0.50458443,0.4954156,"↑ S&P 500 지수 변화율: 값=0.0291, SHAP=+0.0612 | ↓ WTI 서부텍사스유 가격: 값=102.8600, SHAP=-0.0560 | ↓ 금값-달러인덱스 상호작용 2일전: 값=0.0001, SHAP=-0.0482 | ↓ 국제 금 선물 가격 변화율: 값=0.0269, SHAP=-0.0468 | ↑ S&P500-KOSPI200 스프레드: 값=0.0749, SHAP=+0.0467"
2026-04-06,상승,하락/보합,0.52545345,0.47454652,"↓ S&P500-KOSPI200 스프레드: 값=-0.0436, SHAP=-0.1936 | ↓ WTI 서부텍사스유 가격: 값=114.0100, SHAP=-0.0532 | ↑ 국제 금 선물 가격 변화율 2일전: 값=0.0292, SHAP=+0.0496 | ↑ 금값 변화율 SMA(20일이동평균): 값=-0.0047, SHAP=+0.0452 | ↑ 금값 변화율 EMA(5일) 2일전: 값=0.0169, SHAP=+0.0382"
2026-04-07,상승,하락/보합,0.5572309,0.4427691,"↓ S&P500-KOSPI200 스프레드: 값=-0.0106, SHAP=-0.1734 | ↓ 국제 금 선물 가격 변화율 2일전: 값=-0.0275, SHAP=-0.1279 | ↓ 금값-달러인덱스 상호작용 3일전: 값=-0.0002, SHAP=-0.0609 | ↑ 원/달러 환율 변화율 3일전: 값=-0.0080, SHAP=+0.0377 | ↑ 금값 변화율 EMA(5일) 1일전: 값=0.0018, SHAP=+0.0345"
2026-04-08,상승,하락/보합,0.5354676,0.4645324,"↓ S&P500-KOSPI200 스프레드: 값=-0.0501, SHAP=-0.1333 | ↓ 코스피 200 지수 변화율 3일전: 값=-0.0482, SHAP=-0.0597 | ↓ WTI 서부텍사스유 가격 변화율: 값=-0.1607, SHAP=-0.0580 | ↓ 금값 변동성(20일표준편차): 값=0.0247, SHAP=-0.0478 | ↓ 원/달러 환율 변화율 1일전: 값=-0.0038, SHAP=-0.0432"
2026-04-09,하락/보합,상승,0.44203407,0.55796593,"↑ 금값 변화율 SMA(20일이동평균): 값=-0.0035, SHAP=+0.0453 | ↓ 금값 변동성(20일표준편차): 값=0.0248, SHAP=-0.0447 | ↓ 국제 금 선물 가격 변화율: 값=0.0090, SHAP=-0.0429 | ↓ 원/달러 환율 변화율 1일전: 값=-0.0165, SHAP=-0.0350 | ↑ 코스피 200 지수 변화율 3일전: 값=0.0480, SHAP=+0.0350"
2026-04-17,하락/보합,상승,0.4537679,0.5462321,"↑ S&P 500 지수 변화율: 값=0.0120, SHAP=+0.0635 | ↑ S&P500-KOSPI200 스프레드: 값=0.0189, SHAP=+0.0631 | ↑ 원/달러 환율 변화율 3일전: 값=-0.0104, SHAP=+0.0422 | ↓ 원/달러 환율 변화율: 값=-0.0112, SHAP=-0.0402 | ↓ WTI 서부텍사스유 가격 변화율: 값=-0.1094, SHAP=-0.0371"
2026-04-20,하락/보합,상승,0.43466365,0.56533635,"↑ 국제 금 선물 가격 변화율: 값=-0.0105, SHAP=+0.1288 | ↑ S&P500-KOSPI200 스프레드: 값=-0.0070, SHAP=+0.0372 | ↓ 원/달러 환율 변화율 1일전: 값=-0.0112, SHAP=-0.0306 | ↓ 금값 변동성(20일표준편차): 값=0.0207, SHAP=-0.0296 | ↓ VIX 변동성 지수 변화율: 값=0.0795, SHAP=-0.0284"
2026-04-22,하락/보합,상승,0.42979062,0.5702094,"↑ S&P500-KOSPI200 스프레드: 값=0.0081, SHAP=+0.0701 | ↓ 국제 금 선물 가격 변화율 2일전: 값=-0.0105, SHAP=-0.0670 | ↑ S&P 500 지수 변화율: 값=0.0105, SHAP=+0.0610 | ↓ 국제 금 선물 가격 변화율: 값=0.0073, SHAP=-0.0492 | ↑ 코스피 200 지수: 값=964.5200, SHAP=+0.0403"
2026-04-23,상승,하락/보합,0.58567345,0.41432652,"↓ S&P500-KOSPI200 스프레드: 값=-0.0156, SHAP=-0.2191 | ↓ 국제 금 선물 가격 변화율 2일전: 값=-0.0225, SHAP=-0.1123 | ↓ 금값 변화율 EMA(5일) 1일전: 값=-0.0025, SHAP=-0.0412 | ↓ WTI 서부텍사스유 가격 변화율 1일전: 값=0.0120, SHAP=-0.0351 | ↓ WTI 서부텍사스유 가격: 값=99.2700, SHAP=-0.0298"
2026-04-27,하락/보합,상승,0.48404026,0.51595974,"↓ S&P500-KOSPI200 스프레드: 값=-0.0229, SHAP=-0.1939 | ↑ 국제 금 선물 가격 변화율: 값=-0.0099, SHAP=+0.1269 | ↓ 국제 금 선물 가격 변화율 2일전: 값=-0.0058, SHAP=-0.0961 | ↑ 금값-달러인덱스 상호작용: 값=0.0000, SHAP=+0.0925 | ↑ WTI 서부텍사스유 가격 변화율 1일전: 값=-0.0086, SHAP=+0.0375"
2026-04-28,하락/보합,상승,0.46915257,0.53084743,"↑ 국제 금 선물 가격 변화율: 값=-0.0179, SHAP=+0.1347 | ↓ S&P500-KOSPI200 스프레드: 값=-0.0086, SHAP=-0.0540 | ↓ WTI 서부텍사스유 가격: 값=103.4500, SHAP=-0.0481 | ↑ 국제 금 선물 가격 변화율 2일전: 값=0.0037, SHAP=+0.0412 | ↑ 달러 인덱스: 값=118.7700, SHAP=+0.0411"
2026-04-29,상승,하락/보합,0.5215076,0.47849235,"↑ 국제 금 선물 가격 변화율: 값=-0.0101, SHAP=+0.1461 | ↓ S&P500-KOSPI200 스프레드: 값=-0.0080, SHAP=-0.0893 | ↓ 국제 금 선물 가격 변화율 2일전: 값=-0.0099, SHAP=-0.0855 | ↓ WTI 서부텍사스유 가격: 값=110.4700, SHAP=-0.0577 | ↓ WTI 서부텍사스유 가격 변화율 1일전: 값=0.0356, SHAP=-0.0490"
2026-04-30,상승,하락/보합,0.5107882,0.48921183,"↑ S&P500-KOSPI200 스프레드: 값=0.0246, SHAP=+0.0743 | ↓ 국제 금 선물 가격 변화율 2일전: 값=-0.0179, SHAP=-0.0736 | ↑ S&P 500 지수 변화율: 값=0.0102, SHAP=+0.0528 | ↓ WTI 서부텍사스유 가격: 값=108.6400, SHAP=-0.0501 | ↓ 국제 금 선물 가격 변화율: 값=0.0153, SHAP=-0.0453"
2026-05-04,상승,하락/보합,0.50933075,0.49066925,"↓ 원/달러 환율 변화율 3일전: 값=0.0104, SHAP=-0.1703 | ↓ S&P500-KOSPI200 스프레드: 값=-0.0620, SHAP=-0.1390 | ↑ 국제 금 선물 가격 변화율: 값=-0.0238, SHAP=+0.1027 | ↑ 국제 금 선물 가격 변화율 2일전: 값=0.0153, SHAP=+0.0683 | ↓ WTI 서부텍사스유 가격: 값=109.7600, SHAP=-0.0566"
2026-05-06,상승,하락/보합,0.5634812,0.4365188,"↓ S&P500-KOSPI200 스프레드: 값=-0.0616, SHAP=-0.1830 | ↓ 국제 금 선물 가격 변화율 2일전: 값=-0.0238, SHAP=-0.0983 | ↑ S&P 500 지수 변화율: 값=0.0146, SHAP=+0.0531 | ↓ 금값 변동성(20일표준편차): 값=0.0137, SHAP=-0.0362 | ↓ 원/달러 환율 변화율: 값=-0.0212, SHAP=-0.0360"
2026-05-08,하락/보합,상승,0.42338496,0.57661504,"↓ 국제 금 선물 가격 변화율: 값=0.0044, SHAP=-0.0375 | ↑ S&P500-KOSPI200 스프레드: 값=0.0073, SHAP=+0.0372 | ↑ S&P 500 지수 변화율: 값=0.0084, SHAP=+0.0369 | ↑ 달러 인덱스: 값=118.0400, SHAP=+0.0326 | ↑ 코스피 200 지수: 값=1151.1700, SHAP=+0.0291"
2026-05-11,하락/보합,상승,0.49110103,0.508899,"↓ S&P500-KOSPI200 스프레드: 값=-0.0505, SHAP=-0.1284 | ↓ WTI 서부텍사스유 가격: 값=101.5600, SHAP=-0.0578 | ↓ 금값 변화율 EMA(5일): 값=0.0037, SHAP=-0.0448 | ↑ 국제 금 선물 가격 변화율 2일전: 값=0.0038, SHAP=+0.0435 | ↑ 금값 변화율 EMA(5일) 2일전: 값=0.0063, SHAP=+0.0357"
2026-05-15,하락/보합,상승,0.46018153,0.53981847,"↓ 원/달러 환율 변화율 3일전: 값=0.0139, SHAP=-0.1640 | ↑ 국제 금 선물 가격 변화율: 값=-0.0261, SHAP=+0.1088 | ↓ WTI 서부텍사스유 가격: 값=108.9900, SHAP=-0.0561 | ↑ S&P500-KOSPI200 스프레드: 값=0.0526, SHAP=+0.0487 | ↓ S&P 500 지수 변화율: 값=-0.0124, SHAP=-0.0448"
2026-05-20,하락/보합,상승,0.481924,0.518076,"↑ S&P 500 지수 변화율: 값=0.0108, SHAP=+0.0768 | ↓ WTI 서부텍사스유 가격: 값=112.2500, SHAP=-0.0618 | ↓ 금값-달러인덱스 상호작용 3일전: 값=-0.0001, SHAP=-0.0586 | ↑ S&P500-KOSPI200 스프레드: 값=0.0169, SHAP=+0.0405 | ↓ 국제 금 선물 가격 변화율: 값=0.0078, SHAP=-0.0386"
2026-05-22,상승,하락/보합,0.5607933,0.43920675,"↓ S&P500-KOSPI200 스프레드: 값=-0.0816, SHAP=-0.1877 | ↓ 국제 금 선물 가격 변화율 2일전: 값=-0.0101, SHAP=-0.1110 | ↓ WTI 서부텍사스유 가격: 값=112.2500, SHAP=-0.0482 | ↓ 금값 변화율 EMA(5일) 1일전: 값=-0.0025, SHAP=-0.0411 | ↓ 국제 금 선물 가격: 값=4523.0000, SHAP=-0.0287"
2026-05-24,하락/보합,상승,0.49757355,0.50242645,"↓ WTI 서부텍사스유 가격: 값=112.2500, SHAP=-0.0578 | ↑ S&P500-KOSPI200 스프레드: 값=0.0000, SHAP=+0.0522 | ↑ 금값 변화율 SMA(20일이동평균): 값=-0.0021, SHAP=+0.0431 | ↑ 국제 금 선물 가격 변화율 2일전: 값=0.0078, SHAP=+0.0391 | ↓ 금값 변동성(20일표준편차): 값=0.0128, SHAP=-0.0351"
